Year,Month,Unit Name,Dacoity,Robbery,Murder,Speedy Trial,Riot,Woman & Child Repression,Kidnapping,Police Assault,Burglary,Theft,Other Cases,Arms Act,Explosive,Narcotics,Smuggling,Total Cases
2020,January,DMP,2,26,22,9,0,214,8,4,60,126,559,11,2,1438,6,2487
2020,January,CMP,0,10,9,0,0,73,0,3,16,25,168,39,1,220,2,566
2020,January,KMP,0,3,0,2,0,6,2,0,1,13,30,0,0,155,1,213
2020,January,RMP,0,2,2,1,0,24,1,0,5,5,51,2,0,271,15,379
2020,January,BMP,0,0,4,1,0,14,1,0,3,10,44,1,0,49,0,127
2020,January,SMP,0,0,1,4,0,28,2,1,5,12,58,1,0,42,10,164
2020,January,RPMP,0,1,2,1,0,15,0,0,3,9,44,1,0,54,0,130
2020,January,GMP,1,3,5,3,0,58,4,0,7,15,73,1,1,93,3,267
2020,January,Dhaka Range,13,17,65,14,0,370,14,4,33,112,968,17,2,747,2,2378
2020,January,Mymensingh Range,2,3,18,15,0,202,1,0,6,41,457,3,0,220,5,973
2020,January,Chittagong Range,6,18,54,8,0,260,5,3,55,105,914,16,2,765,8,2219
2020,January,Sylhet Range,1,1,10,0,0,107,3,1,6,39,386,1,0,193,24,772
2020,January,Khulna Range,1,7,25,1,0,187,2,1,24,88,626,17,5,535,26,1545
2020,January,Barishal Range,2,6,11,7,0,145,3,1,15,22,382,4,0,224,0,822
2020,January,Rajshahi Range,0,6,29,8,0,348,2,4,12,58,577,11,3,969,101,2128
2020,January,Rangpur Range,0,1,25,1,0,287,5,1,13,67,651,3,0,361,28,1443
2020,January,Railway Range,0,1,1,0,0,1,1,0,0,5,5,0,0,18,0,32
2020,February,DMP,1,15,21,10,1,194,1,4,74,113,467,12,1,1205,12,2131
2020,February,CMP,0,5,2,7,0,64,0,2,13,13,112,31,3,396,3,651
2020,February,KMP,0,2,1,0,0,8,2,0,1,6,26,0,0,129,0,175
2020,February,RMP,0,5,1,0,0,16,2,0,1,7,55,1,0,268,13,369
2020,February,BMP,0,2,1,2,0,12,0,0,10,10,44,0,0,93,0,174
2020,February,SMP,0,2,1,10,0,22,1,1,1,5,59,1,0,54,1,158
2020,February,RPMP,0,1,2,1,0,15,0,1,0,6,40,0,0,72,0,138
2020,February,GMP,0,2,3,1,0,48,3,1,2,14,90,6,0,165,1,336
2020,February,Dhaka Range,4,14,54,8,0,263,11,4,24,74,806,15,1,1186,8,2472
2020,February,Mymensingh Range,1,1,16,5,0,129,1,4,7,35,434,3,0,508,7,1151
2020,February,Chittagong Range,10,16,48,7,0,239,10,5,35,89,828,48,2,1077,14,2428
2020,February,Sylhet Range,3,3,19,0,0,67,1,2,4,30,306,6,0,220,26,687
2020,February,Khulna Range,3,6,17,2,0,168,2,4,19,49,520,26,2,766,27,1611
2020,February,Barishal Range,1,4,12,0,0,106,2,1,9,26,374,1,0,299,2,837
2020,February,Rajshahi Range,3,7,36,2,0,204,1,4,7,43,552,20,3,1542,124,2548
2020,February,Rangpur Range,0,1,21,1,0,185,3,1,10,45,676,4,0,524,71,1542
2020,February,Railway Range,0,1,2,0,0,0,1,0,1,6,11,0,0,27,15,64
2020,March,DMP,3,13,17,13,0,187,7,6,49,110,502,15,0,1129,8,2059
2020,March,CMP,0,6,3,7,0,64,1,1,9,13,152,32,0,344,3,635
2020,March,KMP,0,0,3,1,0,7,0,0,1,2,18,0,0,102,0,134
2020,March,RMP,0,2,1,0,2,19,1,0,5,8,53,1,0,243,29,364
2020,March,BMP,0,0,1,3,0,10,0,1,8,5,39,0,0,102,0,169
2020,March,SMP,0,0,4,4,0,26,0,0,2,7,75,0,0,42,1,161
2020,March,RPMP,0,0,2,1,0,24,0,0,0,11,42,0,0,87,0,167
2020,March,GMP,3,3,5,1,0,42,4,3,3,13,107,2,0,125,0,311
2020,March,Dhaka Range,3,18,49,9,0,265,10,4,25,80,911,5,1,1009,1,2390
2020,March,Mymensingh Range,1,2,21,3,0,122,0,4,4,31,457,4,0,436,10,1095
2020,March,Chittagong Range,8,9,62,11,0,230,5,11,32,65,953,53,0,976,14,2429
2020,March,Sylhet Range,2,3,26,1,0,88,3,5,10,35,338,6,0,167,17,701
2020,March,Khulna Range,4,12,32,3,0,195,4,1,17,57,651,23,1,616,23,1639
2020,March,Barishal Range,1,4,7,5,0,110,2,1,13,21,476,0,0,327,1,968
2020,March,Rajshahi Range,0,3,21,9,0,220,1,5,7,34,566,18,1,1441,94,2420
2020,March,Rangpur Range,1,1,22,1,0,194,1,1,9,62,644,2,0,457,65,1460
2020,March,Railway Range,0,2,3,0,0,0,0,0,1,6,11,0,0,20,5,48
2020,April,DMP,1,5,8,6,0,47,0,1,21,22,118,2,0,120,0,351
2020,April,CMP,0,4,9,3,0,16,0,1,4,10,51,16,0,51,1,166
2020,April,KMP,0,1,0,0,0,1,0,1,1,1,9,0,0,7,0,21
2020,April,RMP,0,1,1,0,11,0,1,3,3,44,0,0,0,51,5,120
2020,April,BMP,0,0,3,1,0,4,0,0,1,3,37,0,0,26,0,75
2020,April,SMP,0,0,1,2,0,11,0,1,4,6,49,0,0,10,0,84
2020,April,RPMP,0,1,1,0,0,6,0,0,0,3,35,0,0,10,0,56
2020,April,GMP,0,1,3,1,0,11,0,0,2,7,68,1,0,22,1,117
2020,April,Dhaka Range,5,7,51,4,0,128,2,11,11,40,786,8,2,190,3,1248
2020,April,Mymensingh Range,0,1,25,1,0,58,2,4,1,27,666,1,0,38,2,826
2020,April,Chittagong Range,2,5,55,7,0,108,1,9,17,37,936,24,1,321,0,1523
2020,April,Sylhet Range,2,0,13,0,0,38,0,4,2,31,336,1,0,56,2,485
2020,April,Khulna Range,0,2,29,3,0,127,1,3,9,41,633,10,0,242,7,1107
2020,April,Barishal Range,0,0,16,4,0,95,1,3,11,8,537,0,2,68,0,745
2020,April,Rajshahi Range,0,3,31,2,0,160,2,4,1,23,560,14,4,276,34,1114
2020,April,Rangpur Range,0,1,27,3,0,104,1,2,5,29,706,0,0,151,28,1057
2020,April,Railway Range,0,0,0,0,0,0,0,0,0,2,1,0,0,0,0,3
2020,May,DMP,2,8,13,6,0,68,1,3,31,43,172,8,0,161,2,518
2020,May,CMP,0,3,6,3,0,23,0,0,11,20,102,12,0,51,2,233
2020,May,KMP,0,0,0,0,0,12,1,0,0,2,21,0,0,5,0,41
2020,May,RMP,0,1,2,0,0,17,0,0,4,2,51,2,0,60,7,146
2020,May,BMP,0,0,2,2,0,4,0,0,2,5,34,1,0,8,0,58
2020,May,SMP,0,0,2,3,0,16,0,1,2,6,86,1,0,27,2,146
2020,May,RPMP,0,1,5,0,0,8,0,0,0,5,42,0,0,15,0,76
2020,May,GMP,1,5,8,2,0,11,2,1,2,9,65,3,0,34,0,143
2020,May,Dhaka Range,5,12,54,4,0,158,6,16,27,66,1030,4,3,331,0,1716
2020,May,Mymensingh Range,0,0,26,3,0,104,3,0,4,28,735,2,0,108,3,1016
2020,May,Chittagong Range,2,10,97,9,0,143,4,12,21,58,1172,51,1,613,2,2195
2020,May,Sylhet Range,0,1,28,1,0,51,1,3,3,31,452,1,0,84,10,666
2020,May,Khulna Range,1,2,36,2,0,131,0,2,8,45,672,9,1,294,5,1208
2020,May,Barishal Range,0,2,12,1,0,106,1,2,9,10,514,2,0,117,2,778
2020,May,Rajshahi Range,0,9,32,7,0,163,0,6,3,29,615,15,1,328,38,1246
2020,May,Rangpur Range,0,5,38,1,0,152,0,4,9,37,819,1,0,224,30,1320
2020,May,Railway Range,0,0,0,0,0,1,0,0,0,1,3,0,0,1,1,7
2020,June,DMP,2,13,19,7,0,185,3,5,45,92,328,11,0,465,2,1177
2020,June,CMP,1,5,8,10,0,33,0,2,3,7,104,23,0,133,1,330
2020,June,KMP,0,2,3,0,0,5,0,0,0,4,8,0,0,51,0,73
2020,June,RMP,0,4,0,2,0,15,0,0,1,6,40,0,0,54,6,128
2020,June,BMP,0,3,2,0,0,12,0,0,4,10,28,0,0,18,0,77
2020,June,SMP,0,0,6,5,0,20,0,1,0,8,45,1,0,25,2,113
2020,June,RPMP,0,0,3,2,0,21,1,0,1,6,47,0,0,24,0,105
2020,June,GMP,3,1,7,6,0,38,2,1,3,11,68,3,0,45,0,188
2020,June,Dhaka Range,13,13,64,18,0,269,16,10,31,73,958,14,4,646,5,2134
2020,June,Mymensingh Range,0,9,12,8,0,136,0,2,7,35,543,2,0,236,3,993
2020,June,Chittagong Range,4,7,54,9,0,215,7,3,35,62,918,44,1,636,9,2004
2020,June,Sylhet Range,0,1,19,0,0,66,2,3,5,31,325,1,0,142,14,609
2020,June,Khulna Range,4,9,32,5,0,188,2,5,19,63,662,16,2,436,15,1458
2020,June,Barishal Range,0,3,12,0,0,108,1,0,16,10,359,3,0,223,0,735
2020,June,Rajshahi Range,0,4,33,7,0,230,3,0,5,41,556,18,2,650,74,1623
2020,June,Rangpur Range,0,5,28,7,0,197,1,1,9,45,756,0,0,355,23,1427
2020,June,Railway Range,0,0,1,0,0,1,0,0,0,2,7,0,0,6,1,18
2020,July,DMP,1,22,27,10,0,216,2,6,55,122,509,16,2,1418,3,2409
2020,July,CMP,0,8,8,8,0,69,0,2,9,25,155,59,2,303,4,652
2020,July,KMP,0,2,4,0,0,13,0,0,1,6,27,2,0,188,1,244
2020,July,RMP,0,4,3,0,0,23,0,0,1,15,41,1,0,59,7,154
2020,July,BMP,0,1,0,1,0,18,0,0,6,14,39,1,0,31,1,112
2020,July,SMP,0,1,5,7,1,21,0,0,3,12,55,1,0,52,4,162
2020,July,RPMP,0,0,2,2,0,24,5,0,0,11,57,0,0,33,0,134
2020,July,GMP,2,1,5,2,0,38,2,1,3,8,83,4,0,136,0,285
2020,July,Dhaka Range,7,18,70,15,0,268,13,12,31,104,928,10,2,1015,10,2503
2020,July,Mymensingh Range,1,4,13,8,0,143,1,1,6,56,451,3,0,452,7,1146
2020,July,Chittagong Range,6,12,90,11,0,241,9,7,39,96,868,88,0,1303,11,2781
2020,July,Sylhet Range,1,0,23,2,0,75,0,1,5,50,307,5,0,329,32,830
2020,July,Khulna Range,2,10,29,4,0,215,3,3,24,92,597,16,0,716,32,1743
2020,July,Barishal Range,2,3,12,0,0,111,0,1,13,17,354,9,0,290,0,812
2020,July,Rajshahi Range,0,3,40,8,0,220,0,5,5,63,503,23,7,1240,87,2204
2020,July,Rangpur Range,1,2,26,3,0,217,3,0,15,83,734,1,0,499,37,1621
2020,July,Railway Range,0,0,1,0,0,0,0,0,0,5,9,0,0,13,3,31
2020,August,DMP,1,13,20,10,0,222,4,2,65,89,443,8,1,978,5,1861
2020,August,CMP,0,4,3,10,0,105,0,1,13,13,121,20,0,149,2,441
2020,August,KMP,0,1,4,1,0,9,1,1,4,9,29,2,0,119,0,180
2020,August,RMP,0,5,1,0,0,27,1,0,9,10,58,0,0,157,14,282
2020,August,BMP,0,1,0,3,0,16,0,6,12,38,3,0,0,43,0,122
2020,August,SMP,1,3,2,6,0,17,0,1,3,9,61,2,0,48,4,157
2020,August,RPMP,0,1,0,3,0,26,6,0,0,15,68,0,0,37,0,156
2020,August,GMP,1,1,6,3,0,57,5,0,5,16,89,2,0,118,0,303
2020,August,Dhaka Range,12,17,76,11,1,318,11,4,32,59,1036,15,4,712,12,2320
2020,August,Mymensingh Range,0,2,21,10,0,195,1,0,11,28,590,2,0,264,7,1131
2020,August,Chittagong Range,6,10,58,10,0,233,9,5,53,85,1015,14,1,748,13,2260
2020,August,Sylhet Range,2,3,22,2,0,88,0,3,7,42,410,3,0,210,32,824
2020,August,Khulna Range,3,8,29,2,0,212,5,2,15,63,613,4,1,517,28,1502
2020,August,Barishal Range,1,3,13,9,0,141,1,2,13,21,429,3,0,210,0,846
2020,August,Rajshahi Range,1,9,33,7,0,342,3,3,9,44,584,12,4,938,94,2083
2020,August,Rangpur Range,0,3,33,4,0,304,2,0,13,68,901,0,0,314,33,1675
2020,August,Railway Range,0,0,1,0,0,1,0,0,0,1,4,0,0,13,2,22
2020,September,DMP,2,26,22,9,0,214,8,4,60,126,559,11,2,1438,6,2487
2020,September,CMP,0,10,5,9,0,73,0,3,16,25,168,39,1,220,2,571
2020,September,KMP,0,3,0,2,0,6,2,0,1,13,30,0,0,155,1,213
2020,September,RMP,0,2,2,1,0,24,1,0,5,5,51,2,0,271,15,379
2020,September,BMP,0,0,4,1,0,14,1,0,3,10,44,1,0,49,0,127
2020,September,SMP,0,0,1,4,0,28,2,1,5,12,58,1,0,42,10,164
2020,September,RPMP,0,1,2,1,0,15,0,0,3,9,44,1,0,54,0,130
2020,September,GMP,1,3,5,3,0,58,4,0,7,15,73,1,1,93,3,267
2020,September,Dhaka Range,13,17,65,14,0,370,14,4,33,112,968,17,2,747,2,2378
2020,September,Mymensingh Range,2,3,18,15,0,202,1,0,6,41,457,3,0,220,5,973
2020,September,Chittagong Range,6,18,54,8,0,260,5,3,55,105,914,16,2,765,8,2219
2020,September,Sylhet Range,1,1,10,0,0,107,3,1,6,39,386,1,0,193,24,772
2020,September,Khulna Range,1,7,25,1,0,187,2,1,24,88,626,17,5,535,26,1545
2020,September,Barishal Range,2,6,11,7,0,145,3,1,15,22,382,4,0,224,0,822
2020,September,Rajshahi Range,0,6,29,8,0,348,2,4,12,58,577,11,3,969,101,2128
2020,September,Rangpur Range,0,1,25,1,0,287,5,1,13,67,651,3,0,361,28,1443
2020,September,Railway Range,0,1,1,0,0,1,1,0,0,5,5,0,0,18,0,32
2020,October,DMP,0,18,22,12,0,297,3,12,61,125,544,15,4,1429,4,2546
2020,October,CMP,0,19,12,19,0,115,4,1,12,21,155,46,1,293,3,701
2020,October,KMP,0,1,0,1,0,18,0,1,2,12,29,0,0,97,0,161
2020,October,RMP,0,1,0,0,0,32,3,0,4,5,47,2,0,301,40,435
2020,October,BMP,0,2,1,2,0,21,0,0,6,8,48,0,0,70,0,158
2020,October,SMP,0,0,1,3,0,29,1,1,3,13,73,1,0,36,13,174
2020,October,RPMP,0,0,1,1,0,30,0,0,0,14,53,0,0,74,0,173
2020,October,GMP,1,5,7,2,0,55,1,0,1,8,75,2,0,72,1,230
2020,October,Dhaka Range,12,23,63,17,0,470,13,10,45,107,991,16,2,683,6,2458
2020,October,Mymensingh Range,0,4,21,6,0,265,3,4,10,53,454,1,0,270,14,1105
2020,October,Chittagong Range,13,20,59,7,0,481,17,10,47,110,1035,38,3,810,15,2665
2020,October,Sylhet Range,0,3,21,2,0,127,1,3,7,52,350,1,0,169,42,778
2020,October,Khulna Range,0,8,31,6,0,242,1,1,24,79,675,13,0,527,28,1635
2020,October,Barishal Range,2,2,10,17,0,178,3,4,14,18,395,2,1,225,1,872
2020,October,Rajshahi Range,3,8,36,5,0,324,3,2,13,46,574,17,2,1068,114,2215
2020,October,Rangpur Range,0,4,17,3,0,297,1,3,13,66,691,0,0,345,25,1465
2020,October,Railway Range,1,2,2,0,0,1,1,0,0,8,8,1,0,16,2,42
2020,November,DMP,2,10,18,9,0,225,4,7,72,123,535,6,8,1450,11,2480
2020,November,CMP,1,7,8,16,0,96,3,2,13,23,154,49,0,256,5,633
2020,November,KMP,0,1,1,0,0,15,0,1,2,7,37,0,0,148,0,212
2020,November,RMP,0,1,4,1,0,26,1,0,3,7,56,0,0,377,33,509
2020,November,BMP,0,2,2,2,0,19,0,0,5,12,33,0,0,70,0,145
2020,November,SMP,0,0,4,9,0,37,0,1,3,11,101,3,1,61,10,241
2020,November,RPMP,0,0,2,1,0,18,0,1,4,8,48,0,0,54,0,136
2020,November,GMP,1,2,3,1,0,41,6,0,4,8,93,0,0,76,0,235
2020,November,Dhaka Range,13,19,63,16,0,358,12,9,34,100,1140,16,2,827,5,2614
2020,November,Mymensingh Range,0,0,16,9,0,183,1,3,7,43,507,1,0,283,11,1064
2020,November,Chittagong Range,10,13,47,4,4,297,12,1,30,112,976,28,3,815,12,2364
2020,November,Sylhet Range,0,6,18,4,0,84,0,4,8,34,365,4,1,167,19,714
2020,November,Khulna Range,1,6,24,8,0,193,3,1,17,75,601,15,1,542,25,1512
2020,November,Barishal Range,1,1,13,1,0,135,1,1,13,22,419,0,0,261,0,868
2020,November,Rajshahi Range,0,7,27,3,0,235,3,6,8,39,585,11,3,971,76,1974
2020,November,Rangpur Range,0,2,21,2,0,239,1,3,16,46,717,0,0,395,17,1459
2020,November,Railway Range,0,2,0,0,0,1,0,0,0,5,16,1,0,34,0,59
2020,December,DMP,4,14,11,8,0,171,7,1,60,114,486,7,10,1503,11,2407
2020,December,CMP,0,5,8,10,0,78,2,2,8,20,137,37,1,268,5,581
2020,December,KMP,0,2,0,0,0,10,1,0,3,6,33,0,0,75,1,131
2020,December,RMP,0,2,0,1,0,14,2,2,2,3,45,2,0,311,18,402
2020,December,BMP,0,1,2,1,0,18,0,0,9,10,28,2,0,64,0,135
2020,December,SMP,1,0,3,4,0,20,0,2,2,18,104,3,1,87,4,249
2020,December,RPMP,0,0,1,0,0,20,0,0,3,8,42,1,0,58,0,133
2020,December,GMP,1,1,10,1,0,24,13,2,8,7,65,1,0,110,1,244
2020,December,Dhaka Range,6,22,54,19,0,278,11,8,51,91,938,5,2,683,7,2175
2020,December,Mymensingh Range,0,1,17,6,0,186,1,1,10,42,457,6,0,293,5,1025
2020,December,Chittagong Range,7,12,38,14,2,251,11,6,40,110,936,20,3,884,12,2346
2020,December,Sylhet Range,1,4,14,3,0,70,1,3,5,37,359,6,1,186,20,710
2020,December,Khulna Range,1,8,24,4,0,137,5,0,15,63,571,8,2,526,20,1384
2020,December,Barishal Range,0,2,13,1,0,92,0,2,6,20,387,2,1,229,0,755
2020,December,Rajshahi Range,1,4,38,3,0,196,2,5,4,43,491,10,0,766,89,1652
2020,December,Rangpur Range,1,3,24,3,0,204,1,0,4,57,683,2,0,448,28,1458
2020,December,Railway Range,0,0,2,0,0,1,0,1,0,8,7,0,0,18,1,38
2021,January,DMP,3,15,18,12,0,185,7,7,68,128,504,5,4,1532,17,2505
2021,January,CMP,0,3,9,11,0,77,0,7,8,17,150,35,11,240,4,572
2021,January,KMP,0,1,2,0,0,8,3,1,2,18,24,3,0,79,3,144
2021,January,RMP,0,2,2,0,0,18,1,1,2,5,39,1,0,329,26,426
2021,January,BMP,0,1,2,1,0,5,0,0,7,12,50,1,0,48,0,127
2021,January,SMP,0,2,2,5,0,23,1,1,3,15,89,0,0,87,8,236
2021,January,RPMP,0,0,0,9,0,21,1,0,3,12,50,0,0,68,0,164
2021,January,GMP,1,6,2,3,0,28,5,1,7,8,57,5,0,100,0,223
2021,January,Dhaka Range,12,19,51,7,0,279,10,6,45,132,1011,10,5,643,6,2236
2021,January,Mymensingh Range,0,1,7,15,0,142,2,0,9,39,458,2,0,392,14,1081
2021,January,Chittagong Range,9,9,46,10,0,189,9,10,34,94,919,23,6,920,5,2283
2021,January,Sylhet Range,1,3,16,6,0,81,1,3,5,44,357,1,2,150,33,703
2021,January,Khulna Range,2,12,19,2,0,157,0,2,16,65,674,9,2,559,20,1539
2021,January,Barishal Range,1,1,13,8,0,85,1,3,10,17,378,1,0,234,0,752
2021,January,Rajshahi Range,1,7,42,2,0,182,2,4,5,39,496,17,7,818,63,1685
2021,January,Rangpur Range,3,4,25,0,0,159,2,1,8,46,680,1,0,416,39,1384
2021,January,Railway Range,0,1,1,1,0,2,0,0,0,3,9,0,0,24,0,41
2021,February,DMP,0,8,12,5,0,171,4,11,55,101,459,7,3,1224,15,2075
2021,February,CMP,0,4,3,12,0,55,3,5,12,26,144,46,2,270,2,584
2021,February,KMP,0,0,1,0,0,8,0,1,2,8,41,1,0,92,0,154
2021,February,RMP,0,3,1,0,0,18,4,2,0,7,49,0,0,221,18,323
2021,February,BMP,0,1,2,0,0,5,0,0,3,5,41,0,0,50,0,107
2021,February,SMP,0,0,4,13,0,33,0,5,3,13,85,1,0,75,4,236
2021,February,RPMP,0,0,1,1,0,17,1,0,0,9,37,0,0,65,0,131
2021,February,GMP,3,3,8,3,0,32,4,0,4,16,66,2,1,72,0,214
2021,February,Dhaka Range,14,17,54,10,0,277,8,6,37,116,918,14,2,846,3,2322
2021,February,Mymensingh Range,0,3,20,12,0,130,2,0,5,38,470,0,3,269,15,967
2021,February,Chittagong Range,4,11,43,8,0,198,8,7,33,91,908,33,7,891,11,2253
2021,February,Sylhet Range,0,5,15,5,0,75,1,5,5,54,297,6,0,223,29,720
2021,February,Khulna Range,2,4,27,1,1,151,4,3,21,91,604,14,0,632,15,1570
2021,February,Barishal Range,2,1,9,10,0,110,0,1,12,23,372,0,1,197,0,738
2021,February,Rajshahi Range,1,6,30,5,0,158,1,2,6,39,566,21,6,802,66,1709
2021,February,Rangpur Range,0,1,18,4,0,158,2,2,18,41,662,2,3,457,19,1387
2021,February,Railway Range,0,0,1,1,0,1,0,0,1,7,8,0,0,36,0,55
2021,March,DMP,3,8,7,6,1,223,8,14,50,115,531,8,5,1303,8,2290
2021,March,CMP,1,6,8,17,0,77,4,3,15,22,143,54,3,334,1,688
2021,March,KMP,0,0,1,0,0,9,0,2,1,10,35,2,0,117,0,177
2021,March,RMP,0,2,1,0,0,19,0,1,1,5,53,0,0,292,19,393
2021,March,BMP,0,1,2,3,0,8,0,0,5,5,30,1,0,71,0,126
2021,March,SMP,0,1,2,7,0,20,0,1,4,12,83,3,0,61,5,199
2021,March,RPMP,0,0,0,4,0,11,0,0,7,16,41,0,0,72,2,153
2021,March,GMP,0,3,4,4,0,47,2,4,5,11,76,5,0,123,0,284
2021,March,Dhaka Range,7,28,90,13,0,332,6,17,46,107,1100,9,2,799,3,2559
2021,March,Mymensingh Range,1,1,15,17,0,189,3,0,9,44,502,4,0,488,18,1291
2021,March,Chittagong Range,7,12,54,17,0,259,9,21,24,98,1070,34,5,1118,13,2741
2021,March,Sylhet Range,0,1,21,2,0,71,3,7,5,40,368,2,0,174,26,720
2021,March,Khulna Range,3,11,24,5,0,196,3,0,23,89,688,18,0,848,33,1941
2021,March,Barishal Range,1,1,8,7,0,108,1,1,11,24,407,2,1,307,0,879
2021,March,Rajshahi Range,0,7,34,4,0,210,4,6,7,48,606,13,1,992,57,1989
2021,March,Rangpur Range,0,3,24,4,0,221,2,2,12,69,698,1,1,503,32,1572
2021,March,Railway Range,0,0,0,0,0,0,0,0,0,7,8,0,0,34,1,50
2021,April,DMP,1,13,18,3,3,177,2,8,50,95,454,8,2,947,8,1789
2021,April,CMP,0,4,14,0,0,51,2,2,11,22,174,68,0,181,1,530
2021,April,KMP,0,0,1,0,0,6,0,0,5,11,32,0,0,97,0,152
2021,April,RMP,0,3,5,0,0,18,0,0,1,4,55,1,0,128,12,227
2021,April,BMP,0,2,0,0,0,13,0,0,2,12,35,1,0,76,0,141
2021,April,SMP,0,0,2,3,0,26,0,1,3,16,110,3,0,72,7,243
2021,April,RPMP,0,0,2,2,0,31,1,1,1,12,67,0,0,29,0,146
2021,April,GMP,0,2,4,2,0,53,2,2,6,11,68,2,0,62,1,215
2021,April,Dhaka Range,6,23,65,13,5,301,7,9,26,118,1263,13,7,592,3,2451
2021,April,Mymensingh Range,0,0,17,12,0,168,4,3,6,36,635,2,0,292,6,1181
2021,April,Chittagong Range,2,6,56,11,0,209,6,12,19,67,1214,30,2,845,13,2492
2021,April,Sylhet Range,2,4,27,2,0,72,3,2,8,33,394,2,0,151,25,725
2021,April,Khulna Range,1,10,25,3,0,200,5,5,13,66,792,6,4,489,13,1632
2021,April,Barishal Range,1,4,14,3,0,119,0,1,12,20,528,6,1,188,1,898
2021,April,Rajshahi Range,1,5,34,4,0,213,2,3,3,43,665,14,1,889,61,1938
2021,April,Rangpur Range,1,4,28,3,0,198,2,2,10,51,853,2,0,349,15,1518
2021,April,Railway Range,0,0,0,0,0,0,0,0,0,4,6,0,0,10,0,20
2021,May,DMP,4,17,19,11,0,172,1,5,52,116,488,17,5,1064,12,1983
2021,May,CMP,1,4,2,18,0,54,5,1,17,21,193,47,0,209,0,572
2021,May,KMP,0,2,3,0,0,13,0,0,1,8,33,0,0,94,0,154
2021,May,RMP,0,1,1,0,0,16,0,0,4,7,53,2,0,174,11,269
2021,May,BMP,1,0,0,2,0,12,1,0,6,6,35,3,0,70,0,136
2021,May,SMP,0,0,5,6,0,22,1,1,2,11,97,0,0,81,5,231
2021,May,RPMP,0,0,1,5,0,16,0,0,8,8,64,0,0,42,0,144
2021,May,GMP,0,3,6,2,0,37,3,3,2,15,66,0,0,70,0,207
2021,May,Dhaka Range,8,19,54,13,0,304,12,8,30,98,1182,21,5,683,3,2440
2021,May,Mymensingh Range,0,2,19,17,0,191,0,2,2,51,704,2,0,270,12,1272
2021,May,Chittagong Range,3,14,54,22,0,250,6,11,36,91,1314,35,1,1021,8,2866
2021,May,Sylhet Range,2,5,26,0,0,84,1,3,5,27,440,2,0,156,15,766
2021,May,Khulna Range,1,5,32,5,0,177,2,1,10,63,762,7,2,571,12,1650
2021,May,Barishal Range,1,4,17,7,0,85,0,0,15,25,537,2,3,235,0,931
2021,May,Rajshahi Range,1,5,33,8,0,187,3,6,8,55,675,17,1,852,47,1898
2021,May,Rangpur Range,1,2,22,0,0,229,4,3,5,56,846,2,0,436,30,1636
2021,May,Railway Range,0,0,1,0,0,0,0,0,0,4,3,0,0,5,0,13
2021,June,DMP,4,15,10,13,0,213,3,4,58,105,570,8,3,1373,9,2388
2021,June,CMP,0,6,4,13,0,87,3,3,15,25,187,52,0,254,7,656
2021,June,KMP,0,1,0,0,0,18,0,1,1,11,38,0,0,97,2,169
2021,June,RMP,0,1,5,1,1,13,0,0,2,3,40,2,0,134,7,209
2021,June,BMP,0,1,0,2,0,12,1,0,4,14,30,2,0,90,0,156
2021,June,SMP,0,2,3,6,0,30,0,1,6,19,81,0,0,69,5,222
2021,June,RPMP,0,0,2,2,0,22,1,0,2,10,51,1,0,65,0,156
2021,June,GMP,1,1,3,3,0,41,1,0,2,12,60,4,0,96,0,224
2021,June,Dhaka Range,20,13,58,9,2,363,13,11,40,112,946,25,2,1018,4,2636
2021,June,Mymensingh Range,0,2,20,17,0,238,2,2,4,43,528,4,1,307,11,1179
2021,June,Chittagong Range,6,14,46,13,0,294,12,6,27,108,988,28,0,1205,22,2769
2021,June,Sylhet Range,3,4,18,4,0,113,1,1,5,48,373,4,0,171,31,776
2021,June,Khulna Range,2,8,23,3,0,196,3,2,19,77,678,7,1,583,11,1613
2021,June,Barishal Range,2,5,19,13,0,123,5,4,8,24,441,0,0,214,0,858
2021,June,Rajshahi Range,0,7,28,11,0,231,3,5,7,65,629,13,5,863,59,1926
2021,June,Rangpur Range,0,4,28,2,0,273,2,1,17,58,743,0,0,413,32,1573
2021,June,Railway Range,0,2,0,0,0,0,0,0,0,4,11,0,0,15,0,32
2021,July,DMP,1,7,8,7,0,190,2,2,44,98,428,12,5,970,7,1781
2021,July,CMP,0,5,9,13,0,57,0,0,15,29,130,40,0,107,3,408
2021,July,KMP,0,0,1,0,0,13,0,0,2,8,24,0,0,75,2,125
2021,July,RMP,0,2,2,1,0,11,0,0,7,4,58,0,0,141,6,232
2021,July,BMP,0,0,0,2,0,11,0,0,5,8,38,2,0,72,0,138
2021,July,SMP,0,3,1,5,0,26,0,1,7,12,68,3,0,55,6,187
2021,July,RPMP,0,0,1,6,0,28,1,0,0,16,38,0,0,45,0,135
2021,July,GMP,1,1,10,2,0,30,3,0,3,18,50,1,0,77,0,196
2021,July,Dhaka Range,7,14,59,20,0,288,4,5,45,100,937,29,1,678,2,2189
2021,July,Mymensingh Range,0,1,19,11,0,194,1,2,4,50,564,2,0,189,21,1058
2021,July,Chittagong Range,5,10,45,12,0,225,6,7,43,98,959,36,6,1040,11,2503
2021,July,Sylhet Range,2,2,19,1,0,78,1,1,3,42,326,3,0,179,31,688
2021,July,Khulna Range,0,4,28,2,0,129,1,1,23,62,612,12,1,446,15,1336
2021,July,Barishal Range,2,0,10,7,0,108,1,1,16,19,374,2,0,181,0,721
2021,July,Rajshahi Range,2,8,34,12,0,198,2,7,5,58,576,12,3,853,47,1817
2021,July,Rangpur Range,1,4,33,2,0,230,2,3,18,55,715,1,0,306,25,1395
2021,July,Railway Range,0,0,0,0,0,1,0,0,0,4,4,0,0,4,0,13
2021,August,DMP,1,13,13,4,0,171,1,4,74,124,487,8,5,1384,24,2313
2021,August,CMP,0,7,5,15,1,66,1,1,21,35,159,37,0,184,1,533
2021,August,KMP,0,0,0,0,0,10,0,0,4,17,30,3,0,104,1,169
2021,August,RMP,0,2,4,0,0,10,0,0,3,4,38,3,0,374,7,445
2021,August,BMP,0,0,1,1,0,19,0,1,4,16,31,0,0,93,0,166
2021,August,SMP,0,0,2,5,0,24,0,0,1,16,83,5,0,78,9,223
2021,August,RPMP,0,0,0,0,0,11,2,0,5,13,45,0,0,67,0,143
2021,August,GMP,1,3,1,0,0,34,2,1,6,11,57,1,0,108,0,225
2021,August,Dhaka Range,9,16,59,22,1,332,6,5,50,115,913,25,4,843,3,2403
2021,August,Mymensingh Range,0,2,24,13,0,225,1,0,6,60,549,0,1,342,19,1242
2021,August,Chittagong Range,5,16,58,10,0,245,8,7,49,95,845,50,2,1314,23,2727
2021,August,Sylhet Range,0,3,18,3,0,104,2,0,5,48,316,2,0,218,26,745
2021,August,Khulna Range,3,9,26,2,0,184,0,3,19,70,595,10,0,681,18,1620
2021,August,Barishal Range,3,3,11,6,0,121,0,0,13,27,313,2,0,286,2,787
2021,August,Rajshahi Range,4,7,30,8,0,230,5,5,10,76,576,21,4,1535,53,2564
2021,August,Rangpur Range,3,2,25,3,0,293,4,3,26,65,676,2,0,424,23,1549
2021,August,Railway Range,0,1,1,0,0,0,0,0,0,13,11,0,0,13,0,39
2021,September,DMP,1,12,19,4,0,221,6,0,44,105,507,9,7,1438,13,2386
2021,September,CMP,1,10,3,11,0,70,0,0,25,26,173,48,0,213,1,581
2021,September,KMP,0,0,4,0,0,9,0,0,2,10,22,1,0,97,0,145
2021,September,RMP,0,1,7,0,0,17,0,2,2,9,51,1,0,276,11,377
2021,September,BMP,0,0,0,0,0,11,0,0,6,8,37,1,0,90,0,153
2021,September,SMP,0,1,3,7,0,41,0,1,5,16,108,0,0,68,5,255
2021,September,RPMP,0,0,2,3,0,22,0,0,4,13,40,0,0,62,0,146
2021,September,GMP,2,1,6,1,0,34,3,1,2,12,65,4,0,100,0,231
2021,September,Dhaka Range,9,27,47,13,0,319,6,13,30,151,868,27,1,816,7,2334
2021,September,Mymensingh Range,0,1,17,8,0,204,3,0,2,60,494,3,0,354,17,1163
2021,September,Chittagong Range,3,8,56,6,0,266,12,9,42,109,849,39,4,1345,15,2763
2021,September,Sylhet Range,1,5,18,5,0,112,0,0,10,45,339,2,0,177,22,736
2021,September,Khulna Range,0,8,27,5,0,194,0,5,22,76,635,10,2,539,13,1536
2021,September,Barishal Range,1,1,9,3,0,131,2,1,8,26,294,1,0,272,1,750
2021,September,Rajshahi Range,1,9,31,8,0,245,1,3,12,64,619,16,1,1242,71,2323
2021,September,Rangpur Range,3,1,17,3,0,238,4,1,19,82,616,0,1,364,21,1370
2021,September,Railway Range,1,1,1,0,0,1,0,0,0,18,8,1,0,34,1,66
2021,October,DMP,4,13,17,7,0,215,5,6,46,110,597,10,5,1472,16,2523
2021,October,CMP,0,8,2,2,0,102,4,1,12,23,162,15,0,169,1,501
2021,October,KMP,1,0,1,0,0,12,0,0,0,11,40,2,0,83,2,152
2021,October,RMP,0,2,1,0,0,12,1,0,3,9,47,0,0,281,9,365
2021,October,BMP,0,0,2,4,0,10,0,0,9,10,49,0,0,92,0,176
2021,October,SMP,0,6,2,4,0,26,1,2,11,18,80,1,0,62,1,214
2021,October,RPMP,0,0,1,1,0,17,0,0,2,13,53,0,0,58,0,145
2021,October,GMP,1,0,4,5,0,38,4,0,0,17,58,2,0,109,0,238
2021,October,Dhaka Range,8,28,60,18,1,299,1,13,35,123,904,20,1,690,7,2208
2021,October,Mymensingh Range,1,0,10,13,0,179,1,0,1,46,436,2,0,274,25,988
2021,October,Chittagong Range,6,10,43,4,0,265,5,21,32,105,963,33,2,945,8,2442
2021,October,Sylhet Range,1,6,14,0,0,79,3,3,5,27,310,2,0,140,16,606
2021,October,Khulna Range,3,8,17,3,0,170,2,2,24,82,563,21,4,519,17,1435
2021,October,Barishal Range,3,4,12,1,0,128,1,1,19,19,400,1,0,246,0,835
2021,October,Rajshahi Range,0,8,37,7,0,185,5,6,11,61,553,20,2,1224,54,2173
2021,October,Rangpur Range,1,1,18,1,0,229,2,2,18,55,578,1,0,305,18,1229
2021,October,Railway Range,0,0,2,0,0,0,0,0,0,12,7,0,0,18,1,40
2021,November,DMP,1,12,11,11,0,134,5,6,41,126,584,10,1,1981,19,2942
2021,November,CMP,0,10,8,11,0,74,1,0,18,24,149,23,0,258,2,578
2021,November,KMP,2,2,0,0,0,12,2,2,4,43,1,0,80,1,82,231
2021,November,RMP,0,1,2,2,1,13,1,0,2,5,49,1,0,216,15,308
2021,November,BMP,0,0,0,1,0,14,0,0,2,5,48,1,0,81,0,152
2021,November,SMP,0,3,0,5,0,22,0,2,7,8,91,2,0,94,3,237
2021,November,RPMP,0,0,1,1,0,17,0,2,0,11,50,1,0,44,0,127
2021,November,GMP,2,3,5,5,0,36,4,0,4,10,53,1,0,86,0,209
2021,November,Dhaka Range,7,18,63,11,1,251,5,20,25,98,881,41,11,667,2,2101
2021,November,Mymensingh Range,0,0,8,10,0,151,3,13,7,40,420,4,1,278,7,942
2021,November,Chittagong Range,4,10,48,10,3,214,6,13,37,80,815,58,4,988,14,2304
2021,November,Sylhet Range,4,2,17,2,0,59,0,2,8,35,284,5,0,203,22,643
2021,November,Khulna Range,0,5,29,9,0,123,1,4,6,59,524,12,4,513,11,1300
2021,November,Barishal Range,6,2,14,14,0,93,2,3,10,15,308,4,1,209,4,685
2021,November,Rajshahi Range,0,7,30,7,0,147,1,14,7,44,569,23,10,908,40,1807
2021,November,Rangpur Range,2,6,14,1,0,143,0,14,8,62,592,2,0,269,17,1130
2021,November,Railway Range,0,1,1,0,0,0,0,0,0,6,6,2,0,29,2,47
2021,December,DMP,0,11,14,6,0,146,5,1,61,120,530,16,20,1525,21,2476
2021,December,CMP,1,9,4,9,0,80,2,1,12,31,163,14,0,201,3,530
2021,December,KMP,0,1,1,1,0,5,0,0,3,5,38,1,0,85,1,141
2021,December,RMP,0,0,1,0,1,6,1,0,1,4,65,0,0,205,15,299
2021,December,BMP,0,0,1,0,0,9,0,0,4,7,22,0,0,85,0,128
2021,December,SMP,0,2,1,7,0,16,0,0,4,9,79,0,0,75,8,201
2021,December,RPMP,0,0,0,0,0,10,0,0,3,17,58,0,0,50,0,138
2021,December,GMP,1,3,5,1,0,21,0,0,2,9,53,0,0,75,0,170
2021,December,Dhaka Range,8,18,48,13,1,214,8,11,32,114,941,21,6,610,1,2046
2021,December,Mymensingh Range,0,6,15,11,0,144,4,2,4,37,448,1,0,215,19,906
2021,December,Chittagong Range,4,6,37,5,0,209,2,7,25,74,745,60,2,957,19,2152
2021,December,Sylhet Range,0,3,16,1,0,57,0,5,3,39,255,3,0,117,22,521
2021,December,Khulna Range,2,3,24,15,0,138,1,4,12,74,549,18,2,497,14,1353
2021,December,Barishal Range,1,0,13,5,0,89,1,1,12,19,363,3,2,191,0,700
2021,December,Rajshahi Range,1,11,36,4,0,124,0,9,6,54,546,26,3,846,53,1719
2021,December,Rangpur Range,0,2,15,1,0,158,5,6,8,65,641,1,0,287,5,1194
2021,December,Railway Range,0,1,0,0,0,0,0,0,0,9,14,0,0,16,1,41
2022,January,DMP,3,10,9,12,0,170,5,5,49,112,510,7,7,1640,9,2548
2022,January,CMP,2,3,2,13,0,53,1,4,9,36,188,13,1,221,0,546
2022,January,KMP,0,0,2,0,0,12,0,0,4,4,32,1,1,101,0,157
2022,January,RMP,0,9,3,5,0,14,1,0,0,9,39,0,1,214,14,309
2022,January,BMP,1,0,3,1,0,9,1,2,6,9,32,2,1,100,0,167
2022,January,SMP,0,2,0,5,0,26,0,1,3,12,72,0,1,84,0,206
2022,January,RPMP,0,0,0,1,0,23,1,0,3,13,73,0,1,56,0,171
2022,January,GMP,0,3,4,2,0,28,3,0,1,6,58,0,1,87,0,193
2022,January,Dhaka Range,14,18,76,16,0,209,7,12,40,119,971,24,6,761,4,2277
2022,January,Mymensingh Range,0,2,16,16,0,128,1,4,5,49,496,0,2,252,15,986
2022,January,Chittagong Range,5,14,50,5,0,187,4,7,32,94,802,50,2,1115,24,2391
2022,January,Sylhet Range,1,2,15,2,0,60,1,1,7,36,312,0,1,137,15,590
2022,January,Khulna Range,2,10,29,5,0,131,3,4,18,64,549,16,3,636,22,1492
2022,January,Barishal Range,1,3,13,3,0,79,1,1,13,29,345,1,3,273,1,766
2022,January,Rajshahi Range,0,10,21,7,0,142,4,10,5,52,592,19,7,1005,66,1940
2022,January,Rangpur Range,1,5,20,1,0,162,4,2,18,73,590,0,6,332,10,1224
2022,January,Railway Range,0,0,1,0,0,0,2,0,0,12,14,0,0,34,1,64
2022,February,DMP,4,16,12,14,0,141,2,6,49,135,511,12,5,1549,19,2475
2022,February,CMP,2,7,4,10,0,46,0,0,18,25,177,20,0,167,1,477
2022,February,KMP,0,1,2,0,0,13,0,0,2,5,22,2,0,103,0,150
2022,February,RMP,0,2,2,0,0,13,0,1,4,8,30,0,0,209,8,277
2022,February,BMP,0,0,1,0,0,13,0,0,7,15,32,0,0,82,0,150
2022,February,SMP,0,2,3,6,0,17,0,0,4,6,86,0,0,52,3,179
2022,February,RPMP,0,0,0,0,0,8,0,0,0,15,48,0,0,44,0,115
2022,February,GMP,6,2,1,3,0,23,4,0,0,12,57,1,0,84,0,193
2022,February,Dhaka Range,15,22,56,12,0,250,7,10,38,125,910,15,5,861,0,2326
2022,February,Mymensingh Range,1,1,14,4,0,124,4,4,5,42,453,1,0,328,16,997
2022,February,Chittagong Range,1,9,44,8,0,160,5,14,22,80,804,63,3,1136,12,2361
2022,February,Sylhet Range,1,2,13,1,0,81,1,1,3,37,267,2,1,163,30,603
2022,February,Khulna Range,1,5,23,5,0,120,0,2,13,70,550,12,4,745,14,1564
2022,February,Barishal Range,3,4,5,5,0,95,0,2,11,16,301,0,0,268,0,710
2022,February,Rajshahi Range,2,6,31,11,0,172,0,3,14,64,518,28,2,1107,77,2035
2022,February,Rangpur Range,1,3,22,2,0,176,2,0,16,60,557,2,0,379,9,1229
2022,February,Railway Range,0,2,2,0,0,2,0,0,0,4,17,0,0,32,0,59
2022,March,DMP,1,16,17,13,0,199,3,12,60,146,680,7,10,1465,17,2646
2022,March,CMP,0,3,1,13,0,69,1,1,9,29,172,18,1,156,2,475
2022,March,KMP,0,0,1,0,0,12,0,0,2,4,34,1,1,89,1,145
2022,March,RMP,0,0,0,0,0,18,1,1,2,8,48,1,0,261,1,341
2022,March,BMP,0,0,0,1,0,18,1,0,5,10,59,1,0,108,0,203
2022,March,SMP,0,2,1,5,0,31,0,0,4,10,94,1,0,73,5,226
2022,March,RPMP,0,0,2,3,0,16,0,0,0,18,64,0,0,38,0,141
2022,March,GMP,4,1,10,3,0,53,1,1,2,15,75,2,0,85,1,253
2022,March,Dhaka Range,17,25,57,24,0,312,8,17,51,160,1105,14,9,834,3,2636
2022,March,Mymensingh Range,2,6,20,6,0,196,5,1,3,56,553,2,0,309,26,1185
2022,March,Chittagong Range,6,14,37,6,0,231,6,7,28,108,904,49,3,1293,29,2721
2022,March,Sylhet Range,1,3,15,2,0,83,3,2,8,50,353,0,0,261,13,794
2022,March,Khulna Range,1,5,28,6,0,160,1,2,12,67,638,9,4,578,14,1525
2022,March,Barishal Range,3,6,7,1,0,126,1,3,13,29,366,4,0,252,0,811
2022,March,Rajshahi Range,0,7,28,11,0,227,2,8,7,87,608,31,1,1165,72,2254
2022,March,Rangpur Range,0,3,21,1,0,224,4,1,17,74,621,0,0,428,8,1402
2022,March,Railway Range,0,2,1,0,0,1,0,1,0,17,25,0,0,35,2,84
2022,April,DMP,3,8,16,13,0,184,5,9,68,151,700,9,6,1217,29,2418
2022,April,CMP,0,11,4,12,0,75,3,3,21,48,199,18,0,175,1,570
2022,April,KMP,0,0,0,0,0,12,0,1,3,3,29,1,0,83,0,132
2022,April,RMP,0,0,5,0,0,15,1,1,2,4,40,1,0,206,0,275
2022,April,BMP,0,0,2,0,0,11,0,4,5,9,38,1,0,92,0,162
2022,April,SMP,0,0,5,5,0,20,0,2,5,15,87,4,0,55,6,204
2022,April,RPMP,0,0,0,0,0,24,0,0,0,14,71,0,0,43,0,152
2022,April,GMP,1,7,2,4,0,40,1,1,2,14,86,0,0,70,0,228
2022,April,Dhaka Range,11,26,56,48,0,347,7,10,46,145,1266,15,5,752,2,2736
2022,April,Mymensingh Range,1,2,17,8,0,182,1,2,1,62,750,0,3,308,26,1363
2022,April,Chittagong Range,2,16,55,9,0,181,7,7,26,103,1027,78,1,1212,22,2746
2022,April,Sylhet Range,2,6,15,1,0,93,1,4,2,39,445,0,1,155,27,791
2022,April,Khulna Range,0,10,31,4,0,154,2,3,11,88,813,11,2,616,12,1757
2022,April,Barishal Range,1,3,12,0,0,106,3,2,13,25,440,0,2,241,3,851
2022,April,Rajshahi Range,3,11,28,3,0,237,1,3,7,83,765,26,4,1057,69,2297
2022,April,Rangpur Range,1,2,21,4,0,195,3,3,15,71,808,1,0,404,11,1539
2022,April,Railway Range,0,3,0,0,0,0,0,0,0,13,14,0,0,28,3,61
2022,May,DMP,4,17,19,11,0,172,1,5,52,116,488,17,5,1064,12,1983
2022,May,CMP,1,4,2,18,0,54,5,1,17,21,193,47,0,209,0,572
2022,May,KMP,0,2,3,0,0,13,0,0,1,8,33,0,0,94,0,154
2022,May,RMP,0,1,1,0,0,16,0,0,4,7,53,2,0,174,11,269
2022,May,BMP,1,0,0,2,0,12,1,0,6,6,35,3,0,70,0,136
2022,May,SMP,0,0,5,6,0,22,1,1,2,11,97,0,0,81,5,231
2022,May,RPMP,0,0,1,5,0,16,0,0,8,8,64,0,0,42,0,144
2022,May,GMP,0,3,6,2,0,37,3,3,2,15,66,0,0,70,0,207
2022,May,Dhaka Range,8,19,54,13,0,304,12,8,30,98,1182,21,5,683,3,2440
2022,May,Mymensingh Range,0,2,19,17,0,191,0,2,2,51,704,2,0,270,12,1272
2022,May,Chittagong Range,3,14,54,22,0,250,6,11,36,91,1314,35,1,1021,8,2866
2022,May,Sylhet Range,2,5,26,0,0,84,1,3,5,27,440,2,0,156,15,766
2022,May,Khulna Range,1,5,32,5,0,177,2,1,10,63,762,7,2,571,12,1650
2022,May,Barishal Range,1,4,17,7,0,85,0,0,15,25,537,2,3,235,0,931
2022,May,Rajshahi Range,1,5,33,8,0,187,3,6,8,55,675,17,1,852,47,1898
2022,May,Rangpur Range,1,2,22,0,0,229,4,3,5,56,846,2,0,436,30,1636
2022,May,Railway Range,0,0,1,0,0,0,0,0,0,4,3,0,0,5,0,13
2022,June,DMP,3,10,12,14,0,165,2,4,45,110,488,10,6,1082,14,1965
2022,June,CMP,1,4,3,11,0,67,1,1,14,26,170,30,0,195,0,523
2022,June,KMP,0,0,1,0,0,14,0,0,2,6,30,1,0,81,0,135
2022,June,RMP,0,0,3,0,0,13,0,0,2,8,55,1,0,169,12,263
2022,June,BMP,0,0,0,1,0,11,0,0,4,8,42,1,0,82,0,149
2022,June,SMP,0,1,3,6,0,26,0,0,5,10,91,1,0,67,6,216
2022,June,RPMP,0,0,1,1,0,18,0,0,0,13,59,0,0,47,0,139
2022,June,GMP,0,3,4,4,0,31,0,1,2,14,63,1,0,76,0,199
2022,June,Dhaka Range,10,21,59,19,0,311,6,9,39,114,1118,21,4,710,5,2446
2022,June,Mymensingh Range,0,2,22,10,0,186,0,1,3,49,602,1,0,262,21,1159
2022,June,Chittagong Range,3,12,48,7,0,257,3,10,34,89,1217,39,3,1065,11,2798
2022,June,Sylhet Range,1,4,19,1,0,94,1,2,5,30,375,1,0,166,16,715
2022,June,Khulna Range,1,6,30,6,0,169,2,2,10,60,707,5,1,591,12,1602
2022,June,Barishal Range,1,3,14,2,0,105,1,0,13,24,473,0,2,229,0,867
2022,June,Rajshahi Range,1,6,34,9,0,207,1,4,10,62,623,19,2,933,49,1960
2022,June,Rangpur Range,1,2,23,2,0,228,3,2,10,59,726,0,0,361,16,1433
2022,June,Railway Range,0,0,2,0,0,0,0,0,0,4,4,0,0,4,0,14
2022,July,DMP,4,13,13,12,0,174,3,3,70,121,621,5,5,1190,5,2239
2022,July,CMP,0,6,7,12,0,51,4,0,10,28,171,11,0,137,5,442
2022,July,KMP,0,0,2,1,0,14,1,0,6,6,20,0,0,71,0,121
2022,July,RMP,0,2,4,0,0,9,1,0,5,3,46,0,2,215,0,287
2022,July,BMP,0,1,2,1,0,17,0,0,4,3,32,1,0,82,0,143
2022,July,SMP,0,2,1,8,0,25,0,1,5,15,87,0,0,59,6,209
2022,July,RPMP,0,0,0,3,0,12,0,0,2,12,60,0,0,0,20,109
2022,July,GMP,2,4,8,3,0,40,1,0,1,3,66,3,0,58,0,189
2022,July,Dhaka Range,14,31,74,15,0,296,5,8,47,133,1140,11,5,751,2,2532
2022,July,Mymensingh Range,3,3,27,9,0,199,6,2,6,43,603,1,0,39,261,1202
2022,July,Chittagong Range,5,15,40,12,0,246,4,9,42,101,954,49,0,1087,29,2593
2022,July,Sylhet Range,1,1,31,0,0,75,0,6,5,41,359,0,0,10,177,706
2022,July,Khulna Range,3,6,24,5,0,180,0,0,18,84,744,18,1,574,13,1670
2022,July,Barishal Range,3,1,18,1,0,109,1,2,10,23,367,3,0,0,252,790
2022,July,Rajshahi Range,1,6,34,8,0,262,2,2,7,55,774,12,5,1146,61,2375
2022,July,Rangpur Range,1,5,21,1,0,252,5,7,20,63,771,0,1,313,11,1471
2022,July,Railway Range,0,1,0,0,0,1,0,0,0,9,19,0,0,28,1,59
2022,August,DMP,2,10,17,20,0,181,6,4,73,151,679,3,7,1448,17,2618
2022,August,CMP,0,6,7,16,0,70,1,3,13,24,185,6,0,210,5,546
2022,August,KMP,0,0,2,0,0,17,1,0,3,5,41,1,0,64,0,134
2022,August,RMP,1,4,1,2,0,27,0,0,7,9,45,2,0,248,1,347
2022,August,BMP,0,2,2,0,0,15,0,0,3,10,36,0,0,77,0,145
2022,August,SMP,0,0,2,8,0,34,0,1,5,12,85,1,0,67,2,217
2022,August,RPMP,0,0,0,0,0,16,1,1,0,15,55,0,0,33,0,121
2022,August,GMP,1,3,6,0,0,28,1,1,5,10,56,6,1,98,0,216
2022,August,Dhaka Range,13,31,59,17,0,337,15,8,64,143,1061,22,5,856,4,2635
2022,August,Mymensingh Range,2,4,20,8,0,238,7,4,11,67,637,2,0,345,40,1385
2022,August,Chittagong Range,8,14,47,14,1,255,5,14,34,93,969,40,6,1094,39,2633
2022,August,Sylhet Range,1,3,17,1,0,96,1,2,2,47,405,3,0,173,21,772
2022,August,Khulna Range,5,6,21,3,0,168,3,1,26,92,705,8,5,644,17,1704
2022,August,Barishal Range,2,4,9,0,0,130,1,0,15,29,329,2,0,220,0,741
2022,August,Rajshahi Range,2,13,32,8,0,302,1,3,14,99,713,20,2,1288,47,2544
2022,August,Rangpur Range,3,5,23,1,0,300,2,2,19,82,806,2,0,399,6,1650
2022,August,Railway Range,0,2,0,0,0,1,0,0,0,22,15,0,0,34,2,76
2022,September,DMP,4,15,18,14,4,173,2,4,61,175,605,6,7,1241,13,2342
2022,September,CMP,1,8,6,9,0,69,1,2,16,26,144,6,0,182,1,471
2022,September,KMP,0,2,1,1,0,20,1,0,6,7,26,1,0,83,0,148
2022,September,RMP,0,3,3,0,0,16,0,0,3,12,54,0,0,214,1,306
2022,September,BMP,2,0,1,0,0,15,0,1,5,9,41,0,0,72,0,146
2022,September,SMP,0,0,2,6,0,32,0,1,6,9,87,0,0,57,4,204
2022,September,RPMP,0,0,0,2,0,12,0,0,0,12,51,0,0,34,0,111
2022,September,GMP,3,1,3,4,0,35,1,2,4,12,68,4,1,88,0,226
2022,September,Dhaka Range,15,31,67,32,0,310,7,5,46,128,980,13,6,902,5,2547
2022,September,Mymensingh Range,3,3,23,3,0,222,7,3,4,50,512,2,0,314,53,1199
2022,September,Chittagong Range,11,21,55,15,2,230,10,11,40,107,804,36,3,1105,49,2499
2022,September,Sylhet Range,2,2,19,3,0,109,2,3,8,59,343,1,0,203,30,784
2022,September,Khulna Range,2,3,22,6,1,202,1,4,21,101,701,7,3,650,31,1755
2022,September,Barishal Range,1,2,12,1,0,111,0,1,6,38,309,4,1,228,0,714
2022,September,Rajshahi Range,2,12,30,4,0,247,4,7,9,84,654,21,4,1083,35,2196
2022,September,Rangpur Range,1,4,19,2,0,277,3,1,22,84,739,1,0,389,4,1546
2022,September,Railway Range,0,2,2,0,0,0,1,0,0,13,14,3,0,38,2,75
2022,October,DMP,0,9,13,31,0,158,6,7,51,119,676,14,5,1240,11,2340
2022,October,CMP,0,5,5,4,0,56,6,2,13,32,146,3,0,182,2,456
2022,October,KMP,0,0,1,1,0,19,1,0,7,4,29,2,0,69,0,133
2022,October,RMP,0,5,0,0,0,17,1,1,1,5,51,0,2,218,0,301
2022,October,BMP,0,0,2,1,0,18,0,1,6,8,41,0,0,80,0,157
2022,October,SMP,0,1,0,8,0,34,1,0,8,6,70,1,0,61,10,200
2022,October,RPMP,0,0,1,0,0,23,0,0,0,22,48,0,0,27,0,121
2022,October,GMP,0,2,6,1,0,39,6,3,2,19,75,1,0,88,2,244
2022,October,Dhaka Range,9,24,77,33,0,320,12,9,41,126,1014,14,2,919,3,2603
2022,October,Mymensingh Range,0,3,30,5,0,193,6,3,5,46,470,0,2,306,34,1103
2022,October,Chittagong Range,16,20,38,9,0,214,9,12,42,88,932,26,2,988,40,2436
2022,October,Sylhet Range,2,2,12,4,0,89,1,4,8,32,350,1,2,175,29,711
2022,October,Khulna Range,7,5,22,7,0,168,3,1,21,96,676,12,8,580,22,1628
2022,October,Barishal Range,1,1,11,2,0,125,1,1,19,23,496,0,0,198,0,878
2022,October,Rajshahi Range,3,17,35,7,0,208,2,4,13,75,657,26,3,1128,31,2209
2022,October,Rangpur Range,0,5,22,4,0,260,6,2,15,64,671,0,0,348,10,1407
2022,October,Railway Range,0,3,2,0,0,1,0,1,0,19,12,5,0,33,2,78
2022,November,DMP,2,13,14,10,142,3,5,51,134,630,3,19,1331,9,1362,3728
2022,November,CMP,1,5,7,2,42,3,1,20,36,130,2,0,213,5,220,687
2022,November,KMP,0,0,1,0,19,0,0,3,6,26,0,0,69,0,69,193
2022,November,RMP,0,0,0,0,5,0,2,5,7,48,1,0,211,0,213,492
2022,November,BMP,1,0,1,2,11,0,0,3,9,47,0,0,88,0,88,250
2022,November,SMP,0,1,1,6,26,0,0,7,11,71,2,0,39,6,47,217
2022,November,RPMP,0,0,0,0,13,1,0,0,20,49,0,0,27,0,27,137
2022,November,GMP,1,2,5,2,33,5,6,2,11,80,4,1,116,2,123,393
2022,November,Dhaka Range,7,30,64,22,260,4,14,43,105,986,17,24,944,4,989,3513
2022,November,Mymensingh Range,0,2,24,3,159,3,2,9,45,484,3,3,382,22,410,1551
2022,November,Chittagong Range,6,14,38,13,177,8,6,27,66,787,30,5,1077,45,1157,3456
2022,November,Sylhet Range,0,3,16,5,62,2,5,4,51,352,1,0,141,21,163,826
2022,November,Khulna Range,4,7,23,5,163,0,3,21,92,658,9,5,626,26,666,2308
2022,November,Barishal Range,1,3,8,2,88,3,1,8,26,307,0,1,203,0,204,855
2022,November,Rajshahi Range,5,7,28,7,182,1,7,14,73,691,37,43,1081,32,1193,3401
2022,November,Rangpur Range,1,6,23,5,204,1,3,20,75,727,1,0,342,11,354,1773
2022,November,Railway Range,0,0,2,0,0,0,0,0,4,9,2,0,32,5,39,93
2022,December,DMP,1,14,11,10,0,105,7,10,50,95,445,3,34,961,7,1753
2022,December,CMP,0,5,4,3,0,28,1,2,13,36,116,4,1,173,4,390
2022,December,KMP,1,0,4,0,0,18,0,1,5,4,39,1,0,76,0,149
2022,December,RMP,0,0,1,0,0,16,2,0,1,4,41,0,0,206,2,273
2022,December,BMP,0,0,0,1,0,7,1,0,4,8,38,1,1,79,0,140
2022,December,SMP,0,0,0,6,0,12,0,3,2,6,58,0,0,42,12,141
2022,December,RPMP,0,0,0,2,0,5,0,0,0,10,40,0,0,33,0,90
2022,December,GMP,1,1,6,2,0,27,2,1,1,10,80,1,3,83,1,219
2022,December,Dhaka Range,10,26,51,17,1,182,3,8,27,135,813,8,29,957,4,2271
2022,December,Mymensingh Range,1,0,12,3,0,123,1,3,14,27,455,0,5,275,31,950
2022,December,Chittagong Range,3,13,38,8,0,155,6,15,28,82,719,33,8,1001,40,2149
2022,December,Sylhet Range,1,2,11,0,0,58,1,3,3,52,313,1,0,160,19,624
2022,December,Khulna Range,0,3,18,2,0,118,1,0,9,75,566,11,23,631,14,1471
2022,December,Barishal Range,3,1,5,2,0,77,3,1,8,28,318,3,18,216,3,686
2022,December,Rajshahi Range,1,6,20,4,0,135,4,2,9,59,626,32,8,940,21,1867
2022,December,Rangpur Range,1,2,17,4,0,136,2,7,14,64,681,0,0,405,10,1343
2022,December,Railway Range,0,1,2,0,0,0,0,0,0,8,9,0,0,29,1,50
2023,January,DMP,0,19,9,23,122,4,4,42,122,540,7,12,1303,10,1332,3549
2023,January,CMP,1,10,5,2,0,29,3,6,11,29,117,1,2,233,2,451
2023,January,KMP,1,0,1,0,0,24,1,0,2,6,30,2,0,87,1,155
2023,January,RMP,0,5,2,0,0,16,1,0,2,8,49,5,172,0,178,438
2023,January,BMP,1,0,0,0,0,15,0,1,5,13,38,0,0,74,0,147
2023,January,SMP,0,2,0,5,0,10,0,0,3,11,55,0,0,47,17,150
2023,January,RPMP,0,0,0,0,0,12,0,0,0,18,46,1,0,29,0,106
2023,January,GMP,1,2,4,4,0,26,2,3,1,6,76,1,1,78,0,205
2023,January,Dhaka Range,12,25,48,21,0,221,5,9,30,117,879,17,0,961,8,2353
2023,January,Mymensingh Range,0,2,14,7,0,108,1,0,7,44,478,3,7,300,37,1008
2023,January,Chittagong Range,6,16,43,5,0,134,6,8,36,100,693,37,2,1082,50,2218
2023,January,Sylhet Range,0,5,15,5,0,45,0,3,1,51,334,0,1,190,36,686
2023,January,Khulna Range,3,4,15,4,0,121,2,0,10,76,587,6,1,686,18,1533
2023,January,Barishal Range,2,2,13,3,0,78,1,2,8,26,326,2,0,248,1,712
2023,January,Rajshahi Range,0,11,22,4,0,146,2,0,12,78,582,29,0,1062,30,1978
2023,January,Rangpur Range,0,3,23,1,0,157,3,0,21,64,695,0,0,389,11,1367
2023,January,Railway Range,0,1,0,0,0,1,0,0,0,15,9,3,0,27,3,59
2023,February,DMP,2,15,18,9,0,126,2,6,46,108,620,10,5,1139,8,2114
2023,February,CMP,0,4,6,7,0,39,1,3,5,23,127,1,2,235,2,455
2023,February,KMP,0,1,0,0,0,17,0,1,2,3,32,0,0,60,0,116
2023,February,RMP,0,2,2,0,0,19,3,0,2,9,54,1,0,134,0,226
2023,February,BMP,0,0,2,0,0,16,1,0,5,2,37,1,0,69,0,133
2023,February,SMP,1,0,3,9,0,11,0,3,2,14,54,0,0,50,6,153
2023,February,RPMP,0,0,0,1,0,13,0,0,0,8,53,5,1,32,0,113
2023,February,GMP,0,7,4,4,0,32,1,2,3,13,88,1,1,96,2,254
2023,February,Dhaka Range,9,21,45,17,0,235,5,13,29,115,917,13,3,935,3,2360
2023,February,Mymensingh Range,0,2,16,6,0,98,4,4,4,35,543,2,5,290,33,1042
2023,February,Chittagong Range,3,12,45,10,0,142,3,9,32,96,796,36,2,920,26,2132
2023,February,Sylhet Range,1,4,8,5,0,56,2,4,3,48,309,1,0,147,37,625
2023,February,Khulna Range,1,10,16,19,0,109,2,4,13,72,575,14,2,676,24,1537
2023,February,Barishal Range,1,2,8,2,0,65,0,1,9,15,313,17,2,204,1,640
2023,February,Rajshahi Range,1,10,25,3,0,150,0,3,5,73,659,23,5,996,36,1989
2023,February,Rangpur Range,0,2,22,3,0,166,2,3,8,72,675,0,0,374,10,1337
2023,February,Railway Range,0,5,2,0,0,1,0,0,0,19,21,0,3,22,2,75
2023,March,DMP,4,14,12,12,0,146,2,7,34,126,656,8,8,1233,13,2275
2023,March,CMP,0,12,4,12,0,57,3,0,13,35,159,4,0,226,3,528
2023,March,KMP,0,1,1,0,0,23,0,0,5,11,31,1,1,76,2,152
2023,March,RMP,0,7,1,0,0,16,1,1,2,11,53,2,3,110,0,207
2023,March,BMP,0,3,1,2,0,13,0,0,4,7,47,1,0,74,1,153
2023,March,SMP,0,3,2,11,0,19,0,1,7,19,66,0,0,42,11,181
2023,March,RPMP,0,0,0,2,0,14,0,0,0,12,53,0,0,30,0,111
2023,March,GMP,2,1,8,3,0,23,3,3,0,4,75,0,1,85,2,210
2023,March,Dhaka Range,12,22,54,18,0,293,2,9,38,118,1113,24,0,1041,3,2747
2023,March,Mymensingh Range,1,1,20,4,0,144,4,1,3,42,526,1,3,313,25,1088
2023,March,Chittagong Range,4,21,54,10,0,170,11,6,24,63,927,38,1,1081,55,2465
2023,March,Sylhet Range,2,2,21,1,0,53,2,2,7,66,418,1,0,180,24,779
2023,March,Khulna Range,1,7,22,12,0,168,2,3,16,83,738,7,1,705,17,1782
2023,March,Barishal Range,1,3,13,4,0,92,0,5,10,34,364,1,0,201,0,728
2023,March,Rajshahi Range,2,9,26,6,0,209,2,3,10,90,684,37,4,1133,51,2266
2023,March,Rangpur Range,1,4,27,2,0,212,5,6,11,59,760,2,7,424,7,1527
2023,March,Railway Range,0,1,2,0,0,0,1,0,0,17,15,1,0,22,3,62
2023,April,DMP,4,13,12,11,0,133,9,5,54,130,527,2,6,969,13,1888
2023,April,CMP,0,10,5,12,0,50,4,0,15,36,175,2,1,208,5,523
2023,April,KMP,0,1,2,0,0,24,0,0,5,5,33,0,0,58,0,128
2023,April,RMP,0,4,1,0,0,25,0,4,3,5,43,1,0,94,1,181
2023,April,BMP,0,0,3,0,0,15,0,0,4,5,48,0,0,68,0,143
2023,April,SMP,0,0,1,14,0,19,0,1,5,16,87,0,0,49,9,201
2023,April,RPMP,0,0,2,3,0,7,0,1,0,10,51,0,0,24,0,98
2023,April,GMP,1,5,7,0,0,21,2,1,0,9,70,1,1,76,0,194
2023,April,Dhaka Range,6,35,68,27,0,276,4,7,23,113,1208,22,1,949,5,2744
2023,April,Mymensingh Range,0,3,25,10,0,103,2,0,3,44,684,4,3,291,35,1207
2023,April,Chittagong Range,4,18,56,6,0,165,3,8,31,77,1064,49,1,908,36,2426
2023,April,Sylhet Range,0,6,33,1,0,53,2,4,1,59,493,1,0,152,17,822
2023,April,Khulna Range,3,9,22,8,0,122,5,1,12,94,745,5,3,610,20,1659
2023,April,Barishal Range,1,2,10,1,0,72,2,4,6,21,435,1,1,191,0,747
2023,April,Rajshahi Range,1,10,28,13,0,166,3,1,7,74,786,30,6,889,29,2043
2023,April,Rangpur Range,0,2,21,3,0,197,3,2,14,67,880,0,0,403,9,1601
2023,April,Railway Range,0,2,0,0,0,0,0,0,0,11,8,1,0,18,1,41
2023,May,DMP,4,11,9,15,3,158,6,6,45,124,682,4,11,1155,9,2242
2023,May,CMP,1,12,4,8,0,56,2,3,11,41,156,4,0,227,4,529
2023,May,KMP,1,0,0,2,0,32,0,0,8,9,35,0,0,61,0,148
2023,May,RMP,0,6,0,0,0,15,1,5,4,8,63,2,10,118,0,232
2023,May,BMP,1,0,1,1,0,21,0,0,5,7,47,0,0,66,0,149
2023,May,SMP,0,1,0,12,0,28,1,3,3,19,78,1,0,49,12,207
2023,May,RPMP,0,0,3,1,0,9,0,0,0,11,46,0,0,32,0,102
2023,May,GMP,0,2,9,0,0,17,0,0,3,4,50,0,0,61,0,146
2023,May,Dhaka Range,13,17,67,16,0,366,10,11,34,99,1164,26,2,1122,1,2948
2023,May,Mymensingh Range,0,2,14,10,0,153,8,0,6,57,615,3,8,340,23,1239
2023,May,Chittagong Range,6,19,42,7,0,214,12,12,34,89,1104,45,1,1052,37,2674
2023,May,Sylhet Range,1,2,15,3,0,84,0,4,4,57,434,2,0,178,38,822
2023,May,Khulna Range,1,7,25,9,0,170,4,1,16,83,756,7,2,683,17,1781
2023,May,Barishal Range,1,2,13,1,0,109,0,3,8,28,446,5,0,242,0,858
2023,May,Rajshahi Range,3,12,23,10,0,227,2,5,6,83,738,50,5,999,34,2197
2023,May,Rangpur Range,3,1,21,2,0,207,3,5,9,73,867,2,0,420,10,1623
2023,May,Railway Range,0,1,0,2,0,1,0,0,0,15,6,0,0,22,1,48
2023,June,DMP,4,25,24,16,0,136,7,8,36,134,627,3,3,1066,6,2095
2023,June,CMP,0,9,5,8,0,40,1,0,15,36,147,2,0,202,6,471
2023,June,KMP,0,2,2,1,0,26,0,0,6,7,34,0,0,45,0,123
2023,June,RMP,0,1,1,0,0,16,2,0,3,3,44,1,0,51,1,123
2023,June,BMP,0,0,2,1,0,11,0,0,5,5,47,0,0,53,0,124
2023,June,SMP,0,0,5,13,0,13,0,3,4,10,67,0,0,32,3,150
2023,June,RPMP,0,0,0,0,0,13,0,0,0,8,44,0,0,32,1,98
2023,June,GMP,1,3,10,0,0,22,3,1,2,7,94,0,0,81,1,225
2023,June,Dhaka Range,11,24,54,22,0,334,10,5,35,136,1075,10,0,970,6,2692
2023,June,Mymensingh Range,0,1,11,8,0,174,1,2,8,48,497,0,4,303,42,1099
2023,June,Chittagong Range,2,16,60,7,0,184,9,9,32,94,1027,36,3,975,32,2486
2023,June,Sylhet Range,0,0,17,5,0,67,1,4,3,63,363,0,0,116,29,668
2023,June,Khulna Range,5,5,26,8,0,197,2,4,13,80,735,12,2,689,14,1792
2023,June,Barishal Range,1,3,3,4,0,138,0,2,11,33,360,2,1,204,0,762
2023,June,Rajshahi Range,1,9,26,8,0,208,4,2,4,74,777,28,5,935,37,2118
2023,June,Rangpur Range,2,6,25,3,0,251,1,2,16,77,793,0,0,329,9,1514
2023,June,Railway Range,0,1,1,0,0,0,0,0,0,16,13,1,0,12,0,44
2023,July,DMP,6,12,19,33,2,134,2,12,48,103,728,5,10,1143,9,2266
2023,July,CMP,1,12,2,6,0,53,6,2,13,20,111,1,0,196,2,425
2023,July,KMP,1,0,5,0,0,29,0,0,7,16,47,0,0,71,0,176
2023,July,RMP,0,3,3,0,0,11,0,0,3,14,41,0,2,102,0,179
2023,July,BMP,0,1,3,2,0,22,0,0,3,5,60,0,0,86,0,182
2023,July,SMP,0,1,0,10,0,16,1,0,5,13,74,1,0,53,13,187
2023,July,RPMP,0,0,0,0,0,13,2,1,0,8,41,3,0,63,0,131
2023,July,GMP,2,6,14,0,0,26,6,0,4,12,66,2,0,86,0,224
2023,July,Dhaka Range,15,15,58,20,0,318,3,10,41,126,1117,14,3,1063,1,2804
2023,July,Mymensingh Range,0,4,19,2,0,172,4,2,5,44,523,2,2,296,40,1115
2023,July,Chittagong Range,7,15,63,6,0,202,7,9,48,96,1044,34,15,1079,27,2652
2023,July,Sylhet Range,0,4,23,4,0,56,1,2,2,41,357,1,0,152,38,681
2023,July,Khulna Range,2,4,27,3,1,148,1,0,20,89,693,10,3,714,13,1728
2023,July,Barishal Range,2,1,5,1,0,123,2,4,14,29,399,2,3,237,1,823
2023,July,Rajshahi Range,1,10,25,6,0,228,2,3,12,90,833,50,5,1134,41,2440
2023,July,Rangpur Range,2,3,28,1,0,242,2,2,14,82,918,1,0,375,6,1676
2023,July,Railway Range,0,3,2,0,0,1,0,0,0,14,14,1,0,13,1,49
2023,August,DMP,1,13,10,18,0,157,8,9,53,153,704,3,0,1184,14,2327
2023,August,CMP,0,10,2,9,0,49,3,3,21,48,117,5,0,229,6,502
2023,August,KMP,0,0,2,2,0,26,0,1,7,9,39,5,0,113,0,204
2023,August,RMP,0,1,1,0,0,19,4,0,5,14,52,1,6,127,1,231
2023,August,BMP,1,0,2,0,0,17,0,0,6,5,44,0,1,78,0,154
2023,August,SMP,0,1,1,10,0,19,0,3,6,13,67,0,0,35,20,175
2023,August,RPMP,0,0,0,0,0,11,0,1,0,9,55,1,0,66,0,143
2023,August,GMP,2,7,7,0,0,40,2,1,4,19,94,2,0,113,0,291
2023,August,Dhaka Range,8,20,55,19,0,298,4,5,42,117,1082,10,5,1124,3,2792
2023,August,Mymensingh Range,0,0,13,7,0,204,1,1,6,64,528,0,26,251,37,1138
2023,August,Chittagong Range,3,22,50,1,0,173,9,15,39,102,942,39,0,1059,25,2479
2023,August,Sylhet Range,2,1,14,3,0,79,3,1,4,52,320,2,0,131,91,703
2023,August,Khulna Range,2,6,24,4,0,164,2,2,25,77,631,12,2,708,20,1679
2023,August,Barishal Range,1,4,11,3,0,142,0,1,16,28,355,2,0,228,0,791
2023,August,Rajshahi Range,1,16,38,10,0,218,4,1,19,89,729,48,5,1092,49,2319
2023,August,Rangpur Range,0,1,20,4,0,234,0,0,16,76,826,1,0,536,7,1721
2023,August,Railway Range,1,2,3,0,0,1,0,0,0,14,7,2,0,16,0,46
2023,September,DMP,0,20,12,9,2,141,3,5,53,124,624,5,5,1141,16,2160
2023,September,CMP,0,12,6,11,0,33,4,1,15,37,143,2,0,199,4,467
2023,September,KMP,0,0,0,0,39,1,0,1,8,34,4,0,92,0,96,275
2023,September,RMP,0,3,2,0,0,12,1,0,6,14,45,2,2,77,0,164
2023,September,BMP,0,1,0,3,0,15,0,7,7,41,0,1,94,0,95,264
2023,September,SMP,2,1,2,12,0,17,1,4,3,17,58,0,0,41,15,173
2023,September,RPMP,0,0,1,0,0,10,0,0,0,9,37,0,0,42,1,100
2023,September,GMP,0,3,11,0,0,27,5,3,3,9,72,1,0,103,1,238
2023,September,Dhaka Range,12,19,54,26,0,275,8,8,39,112,975,7,8,1016,8,2567
2023,September,Mymensingh Range,0,3,15,2,0,189,4,1,8,38,497,1,19,260,46,1083
2023,September,Chittagong Range,3,15,52,6,0,185,9,7,30,107,845,49,2,1007,40,2357
2023,September,Sylhet Range,1,5,14,3,0,62,0,4,6,42,290,1,0,139,96,663
2023,September,Khulna Range,1,4,15,6,0,154,3,5,13,86,561,11,4,806,16,1685
2023,September,Barishal Range,1,3,12,5,0,130,1,1,15,23,338,4,2,196,2,733
2023,September,Rajshahi Range,1,12,23,14,0,214,6,2,12,93,683,42,3,1035,53,2193
2023,September,Rangpur Range,0,3,16,2,0,194,4,5,19,81,723,3,0,453,9,1512
2023,September,Railway Range,0,2,2,0,0,2,0,1,0,23,4,0,0,20,0,54
2023,October,DMP,3,20,19,8,7,128,6,11,38,136,682,6,17,844,13,1938
2023,October,CMP,0,2,1,3,0,41,2,2,14,29,124,3,1,207,1,430
2023,October,KMP,0,2,2,0,30,0,0,5,8,48,5,0,137,0,142,379
2023,October,RMP,0,3,4,0,0,14,4,2,3,15,53,4,6,123,1,232
2023,October,BMP,0,0,0,1,0,16,0,0,2,6,59,1,0,71,0,156
2023,October,SMP,0,0,1,7,1,22,0,3,6,20,64,0,0,30,8,162
2023,October,RPMP,0,0,2,0,0,13,0,0,0,14,48,2,0,52,0,131
2023,October,GMP,1,2,9,2,0,26,5,2,3,13,85,0,0,118,2,268
2023,October,Dhaka Range,7,28,54,19,0,221,5,12,47,113,1012,9,34,812,0,2373
2023,October,Mymensingh Range,0,1,19,3,0,197,3,0,13,49,408,0,12,211,45,961
2023,October,Chittagong Range,1,23,50,1,2,160,10,27,44,114,993,47,18,882,29,2401
2023,October,Sylhet Range,1,2,10,5,0,55,1,8,5,60,317,0,1,98,71,634
2023,October,Khulna Range,2,3,22,3,0,150,5,0,9,82,615,9,13,668,15,1596
2023,October,Barishal Range,5,2,10,4,0,131,1,2,11,22,493,2,7,187,0,877
2023,October,Rajshahi Range,2,13,34,3,0,202,3,3,11,90,657,38,44,989,34,2123
2023,October,Rangpur Range,0,3,20,4,0,214,3,5,13,73,636,2,3,434,5,1415
2023,October,Railway Range,0,3,1,0,2,1,0,0,0,24,6,1,0,16,0,54
2023,November,DMP,2,14,17,19,118,2,5,56,121,555,2,26,661,11,700,2309
2023,November,CMP,0,2,6,3,42,3,3,8,29,122,2,1,177,0,180,578
2023,November,KMP,0,1,1,0,10,0,1,3,17,37,0,0,93,0,93,256
2023,November,RMP,0,2,1,0,13,0,8,7,11,55,4,16,94,1,115,327
2023,November,BMP,0,1,1,1,19,0,0,2,4,43,0,0,58,0,59,188
2023,November,SMP,0,2,2,4,16,0,6,3,15,71,0,8,28,5,41,201
2023,November,RPMP,0,0,0,1,9,2,0,0,10,47,0,0,33,0,33,135
2023,November,GMP,0,2,4,0,22,2,5,4,10,75,0,10,58,0,68,260
2023,November,Dhaka Range,14,19,51,26,258,10,15,34,93,922,8,23,666,6,703,2848
2023,November,Mymensingh Range,0,2,10,3,144,3,1,10,37,408,3,8,164,28,203,1024
2023,November,Chittagong Range,3,14,54,7,125,8,17,34,84,821,50,41,707,25,823,2813
2023,November,Sylhet Range,2,3,6,3,51,0,3,2,44,290,1,6,90,45,142,688
2023,November,Khulna Range,0,6,16,6,113,1,1,14,51,540,10,21,529,18,578,1904
2023,November,Barishal Range,2,1,9,5,119,0,1,14,11,338,6,20,163,0,189,878
2023,November,Rajshahi Range,2,5,26,10,178,1,7,4,57,597,21,51,793,28,893,2673
2023,November,Rangpur Range,0,3,22,1,189,0,6,11,55,675,1,3,376,10,390,1742
2023,November,Railway Range,0,2,1,0,0,0,0,0,17,25,2,0,14,0,16,77
2023,December,DMP,4,23,4,16,0,103,10,5,42,130,584,3,19,951,13,1907
2023,December,CMP,0,10,7,5,0,24,2,2,10,44,109,4,1,248,1,467
2023,December,KMP,0,0,0,2,0,16,0,0,4,11,28,4,0,137,0,202
2023,December,RMP,0,2,2,1,0,14,0,2,2,8,42,2,2,193,1,271
2023,December,BMP,0,0,1,1,0,17,0,0,3,8,32,0,0,42,0,104
2023,December,SMP,0,0,1,1,0,17,0,1,4,15,54,0,0,39,7,139
2023,December,RPMP,0,0,0,0,0,8,0,1,0,4,36,0,2,70,0,121
2023,December,GMP,2,4,7,3,0,37,0,1,8,9,71,0,0,103,0,245
2023,December,Dhaka Range,11,18,62,17,0,196,4,11,37,91,905,7,5,801,4,2169
2023,December,Mymensingh Range,0,3,20,4,0,112,1,0,5,45,369,1,1,163,27,751
2023,December,Chittagong Range,6,21,53,5,0,166,4,5,38,93,778,61,8,873,26,2137
2023,December,Sylhet Range,2,4,10,0,0,42,3,2,4,46,279,1,0,104,26,523
2023,December,Khulna Range,0,2,11,5,0,82,1,2,12,53,534,7,1,597,9,1316
2023,December,Barishal Range,1,3,9,8,0,102,2,1,9,25,345,3,0,186,0,694
2023,December,Rajshahi Range,2,4,24,6,0,143,2,3,8,61,651,22,19,997,22,1964
2023,December,Rangpur Range,2,6,22,3,0,114,2,1,14,47,783,0,1,415,6,1416
2023,December,Railway Range,0,5,0,0,0,0,0,0,0,12,14,1,1,25,1,59
2024,January,DMP,1,25,11,18,0,110,8,5,63,141,458,5,6,865,9,1725
2024,January,CMP,0,5,5,6,1,30,4,0,15,31,128,4,0,191,2,422
2024,January,KMP,0,1,2,2,0,3,0,0,3,8,28,3,0,125,1,176
2024,January,RMP,0,4,1,2,0,8,0,1,2,6,53,1,1,163,0,242
2024,January,BMP,0,2,1,6,0,12,1,1,2,5,42,1,0,48,0,121
2024,January,SMP,1,1,1,3,0,12,0,1,5,9,52,2,0,42,9,138
2024,January,RPMP,0,0,1,1,0,4,5,0,0,6,28,0,0,71,1,117
2024,January,GMP,4,1,11,4,0,22,5,2,5,5,90,0,1,87,0,237
2024,January,Dhaka Range,13,29,59,7,0,194,6,10,38,93,893,10,3,824,1,2180
2024,January,Mymensingh Range,0,4,14,9,0,84,4,6,7,42,404,1,0,234,27,836
2024,January,Chittagong Range,5,16,34,9,0,128,9,10,27,115,800,52,8,795,26,2034
2024,January,Sylhet Range,1,7,15,5,0,22,1,1,6,55,284,1,0,89,23,510
2024,January,Khulna Range,0,5,23,4,0,71,1,2,15,59,559,9,7,561,8,1324
2024,January,Barishal Range,1,0,15,7,0,95,2,0,23,25,369,3,0,179,1,720
2024,January,Rajshahi Range,1,11,26,8,0,130,1,3,4,77,719,29,17,867,20,1913
2024,January,Rangpur Range,2,2,11,1,0,117,4,1,13,60,655,0,0,436,5,1307
2024,January,Railway Range,0,1,1,0,0,1,0,0,0,12,11,0,0,15,0,41
2024,February,DMP,2,26,4,21,0,114,9,4,51,134,576,5,1,800,22,1769
2024,February,CMP,2,11,4,13,0,35,3,2,15,31,167,5,0,228,3,519
2024,February,KMP,1,0,0,0,0,11,0,1,7,14,36,3,0,148,0,221
2024,February,RMP,1,2,0,3,0,15,1,0,6,17,52,0,0,138,0,235
2024,February,BMP,0,0,0,3,0,10,1,1,6,10,48,0,0,46,2,127
2024,February,SMP,1,0,0,6,0,22,0,2,9,62,0,0,30,8,38,178
2024,February,RPMP,0,1,1,0,0,8,1,0,0,12,33,1,0,61,0,118
2024,February,GMP,1,6,10,0,0,32,1,1,9,8,83,2,1,105,1,260
2024,February,Dhaka Range,9,27,54,23,0,252,10,9,32,115,981,12,1,1002,5,2532
2024,February,Mymensingh Range,0,4,14,1,0,124,1,5,39,444,0,0,294,21,315,1262
2024,February,Chittagong Range,5,15,52,9,0,156,5,7,26,121,924,47,1,791,21,2180
2024,February,Sylhet Range,5,4,25,3,0,57,0,3,5,54,313,1,0,122,33,625
2024,February,Khulna Range,1,8,19,10,2,104,3,4,17,61,595,15,1,686,10,1536
2024,February,Barishal Range,1,4,12,6,0,133,1,1,13,35,372,0,1,187,0,766
2024,February,Rajshahi Range,1,9,23,7,0,164,5,1,9,77,729,37,4,986,16,2068
2024,February,Rangpur Range,3,3,17,3,0,134,2,1,17,71,692,0,0,434,5,1382
2024,February,Railway Range,0,1,5,0,0,0,0,0,0,12,25,1,0,18,1,63
2024,March,DMP,1,28,18,28,0,127,7,2,53,163,798,8,1,835,22,2091
2024,March,CMP,0,11,6,8,0,33,4,2,13,34,172,5,0,164,9,461
2024,March,KMP,0,2,0,0,0,11,1,1,5,14,39,0,0,138,0,211
2024,March,RMP,0,0,0,0,0,11,2,2,4,13,59,0,0,145,0,236
2024,March,BMP,0,0,0,4,0,11,0,1,5,6,72,0,0,53,1,153
2024,March,SMP,0,1,3,6,0,17,1,1,8,8,67,0,0,35,10,157
2024,March,RPMP,0,0,0,0,0,7,3,0,0,8,50,1,0,57,0,126
2024,March,GMP,2,5,1,1,0,23,4,0,7,18,110,0,0,104,2,277
2024,March,Dhaka Range,11,32,60,23,2,247,3,8,39,108,1179,12,10,1007,1,2742
2024,March,Mymensingh Range,0,2,23,2,0,115,3,2,3,55,525,1,0,275,27,1033
2024,March,Chittagong Range,6,30,33,8,4,151,11,5,29,122,1208,50,2,775,29,2463
2024,March,Sylhet Range,2,4,17,2,0,58,1,7,10,54,395,1,0,100,46,697
2024,March,Khulna Range,0,7,17,9,0,139,1,0,17,73,672,10,5,666,13,1629
2024,March,Barishal Range,2,2,15,11,0,150,0,2,10,26,507,1,2,215,0,943
2024,March,Rajshahi Range,1,6,25,4,0,205,5,6,5,87,874,38,4,1161,28,2449
2024,March,Rangpur Range,0,7,20,4,0,203,5,4,9,63,703,1,0,535,4,1558
2024,March,Railway Range,0,1,1,0,0,1,0,0,0,13,14,0,0,24,0,54
2024,April,DMP,3,15,14,24,0,149,4,4,69,140,628,4,2,623,6,1685
2024,April,CMP,0,12,9,4,0,37,4,3,12,37,149,1,0,132,10,410
2024,April,KMP,0,0,1,1,0,6,1,2,6,10,44,1,2,119,2,195
2024,April,RMP,0,2,0,0,0,21,0,2,0,14,58,0,0,141,2,240
2024,April,BMP,0,2,2,2,0,23,0,2,7,10,76,0,0,45,0,169
2024,April,SMP,0,0,2,5,0,17,0,3,6,11,70,0,0,35,13,162
2024,April,RPMP,0,0,2,3,0,9,5,1,0,9,49,0,0,38,0,116
2024,April,GMP,0,5,5,4,0,30,4,2,12,12,82,1,0,92,0,249
2024,April,Dhaka Range,13,18,75,24,0,281,9,18,25,103,1263,6,4,826,2,2667
2024,April,Mymensingh Range,0,2,30,8,0,108,2,4,3,42,579,1,0,285,39,1103
2024,April,Chittagong Range,10,24,54,4,3,194,13,13,34,128,1256,49,0,623,13,2418
2024,April,Sylhet Range,0,2,23,8,0,59,1,4,9,53,461,1,0,84,30,735
2024,April,Khulna Range,2,2,18,14,0,129,3,4,9,58,744,11,3,618,14,1629
2024,April,Barishal Range,0,3,11,5,0,130,1,2,9,28,565,1,0,176,2,933
2024,April,Rajshahi Range,0,7,20,11,0,218,4,9,7,78,955,40,6,982,41,2378
2024,April,Rangpur Range,1,2,30,3,0,211,4,6,12,73,894,1,0,432,8,1677
2024,April,Railway Range,0,1,0,0,0,1,0,0,0,6,32,0,0,13,0,53
2024,May,DMP,2,19,16,23,0,172,7,10,65,194,654,2,5,738,19,1926
2024,May,CMP,1,7,7,2,0,57,4,1,18,29,142,1,1,179,5,454
2024,May,KMP,0,1,4,0,0,25,0,0,1,10,46,2,0,126,2,217
2024,May,RMP,0,6,1,1,0,17,3,1,5,12,61,0,0,141,0,248
2024,May,BMP,0,0,2,0,0,17,1,0,5,4,76,0,0,50,0,155
2024,May,SMP,1,0,2,4,0,20,2,0,7,8,64,0,0,46,11,165
2024,May,RPMP,0,0,1,1,0,9,4,0,0,3,43,0,0,67,1,129
2024,May,GMP,4,5,8,0,0,31,2,1,3,17,101,1,0,124,0,297
2024,May,Dhaka Range,11,29,51,19,0,323,7,7,39,88,1183,12,5,887,7,2668
2024,May,Mymensingh Range,0,4,19,5,0,122,2,3,6,39,415,3,0,252,32,902
2024,May,Chittagong Range,4,14,53,13,0,181,4,6,28,88,1039,45,0,665,31,2171
2024,May,Sylhet Range,2,3,15,3,0,57,0,3,9,33,359,4,1,114,26,629
2024,May,Khulna Range,2,6,32,7,0,134,2,2,14,48,729,4,4,555,6,1545
2024,May,Barishal Range,0,1,8,11,0,152,0,2,7,17,434,2,2,151,0,787
2024,May,Rajshahi Range,3,13,21,5,0,227,8,6,2,67,861,34,0,892,30,2169
2024,May,Rangpur Range,1,2,19,3,0,222,4,1,10,56,715,0,0,449,9,1491
2024,May,Railway Range,0,5,0,1,0,1,0,0,0,13,23,2,0,11,2,58
2024,June,DMP,3,16,13,26,0,147,3,1,80,191,552,4,1,568,7,1612
2024,June,CMP,0,8,8,9,1,31,1,0,8,29,118,1,0,152,1,367
2024,June,KMP,0,0,4,2,0,14,0,1,4,12,33,1,0,110,0,181
2024,June,RMP,0,4,0,0,0,23,0,3,6,12,65,1,0,143,3,260
2024,June,BMP,0,0,1,0,0,12,0,0,7,11,68,1,0,45,0,145
2024,June,SMP,0,1,3,10,0,20,1,0,5,6,41,0,0,33,17,137
2024,June,RPMP,0,1,2,0,0,8,2,1,0,9,51,1,0,43,0,118
2024,June,GMP,2,8,6,1,0,35,2,0,4,8,63,0,0,81,1,211
2024,June,Dhaka Range,16,17,59,15,0,278,4,9,39,91,1152,13,2,804,3,2502
2024,June,Mymensingh Range,0,5,21,4,0,119,2,2,5,31,451,3,0,254,51,948
2024,June,Chittagong Range,8,22,57,9,0,193,5,9,45,82,1095,34,1,661,20,2241
2024,June,Sylhet Range,1,1,10,1,0,54,2,0,5,39,341,0,0,98,37,589
2024,June,Khulna Range,1,6,15,4,1,177,1,3,17,49,806,12,0,548,9,1649
2024,June,Barishal Range,5,1,10,8,0,172,0,3,8,23,541,0,0,165,0,936
2024,June,Rajshahi Range,0,8,36,3,0,221,4,3,10,79,816,27,3,835,24,2069
2024,June,Rangpur Range,0,5,20,2,0,184,4,1,8,57,839,0,0,465,5,1590
2024,June,Railway Range,0,0,3,1,0,1,0,0,0,16,16,0,0,12,0,49
2024,July,DMP,3,15,59,16,46,109,1,44,32,134,510,7,26,415,8,1425
2024,July,CMP,1,9,10,2,5,35,2,2,11,27,114,1,2,109,0,330
2024,July,KMP,0,2,4,1,0,14,0,1,5,12,35,1,1,119,0,195
2024,July,RMP,1,1,3,1,1,19,2,2,3,18,41,2,5,98,1,198
2024,July,BMP,0,0,2,1,0,19,0,5,5,8,49,0,2,55,0,146
2024,July,SMP,1,0,3,6,0,16,0,8,6,7,49,0,1,36,20,153
2024,July,RPMP,0,0,2,0,0,5,2,0,0,8,60,0,0,32,0,109
2024,July,GMP,0,4,7,0,0,33,2,9,3,13,107,1,5,71,1,256
2024,July,Dhaka Range,13,20,61,12,0,286,6,38,40,81,984,12,8,765,3,2329
2024,July,Mymensingh Range,0,1,21,5,0,139,1,7,8,51,406,0,6,219,26,890
2024,July,Chittagong Range,3,21,53,11,0,180,5,24,45,85,930,40,14,646,27,2084
2024,July,Sylhet Range,1,3,14,4,0,62,1,8,9,60,337,0,1,114,63,677
2024,July,Khulna Range,1,7,27,15,0,178,1,6,16,84,679,13,4,609,13,1653
2024,July,Barishal Range,1,1,14,16,0,192,2,1,17,30,381,0,0,196,0,851
2024,July,Rajshahi Range,2,14,24,9,0,207,3,8,6,83,692,26,28,937,44,2083
2024,July,Rangpur Range,0,2,30,3,0,206,4,7,13,72,741,1,0,417,11,1507
2024,July,Railway Range,0,0,0,0,0,2,0,0,0,12,50,1,0,14,0,79
2024,August,DMP,4,4,119,10,4,51,11,2,15,43,217,2,0,79,5,566
2024,August,CMP,0,3,20,3,5,20,2,8,9,18,124,0,1,33,0,246
2024,August,KMP,1,1,1,0,0,12,1,1,0,3,38,0,0,10,0,68
2024,August,RMP,0,3,2,0,0,17,1,3,2,2,47,1,18,15,0,111
2024,August,BMP,0,0,5,1,0,10,0,0,6,3,43,0,0,15,0,83
2024,August,SMP,0,1,4,8,0,4,1,4,1,4,59,1,0,11,12,110
2024,August,RPMP,0,8,0,0,0,5,3,0,0,6,32,1,0,6,0,61
2024,August,GMP,3,1,17,0,0,23,0,3,3,4,48,0,0,14,0,116
2024,August,Dhaka Range,15,7,148,10,0,185,1,4,32,51,819,3,4,114,0,1393
2024,August,Mymensingh Range,0,2,26,3,0,87,1,0,3,30,359,1,0,40,11,563
2024,August,Chittagong Range,4,17,73,5,6,81,3,5,25,47,710,25,13,197,12,1223
2024,August,Sylhet Range,1,6,29,5,0,28,1,2,2,16,327,0,0,22,26,465
2024,August,Khulna Range,4,5,62,4,0,90,0,6,5,39,567,4,7,86,3,882
2024,August,Barishal Range,3,3,19,39,0,129,0,1,14,25,405,0,4,22,0,664
2024,August,Rajshahi Range,0,5,72,10,0,140,1,2,6,44,662,5,33,174,15,1169
2024,August,Rangpur Range,2,4,21,1,0,190,1,0,9,32,695,1,1,125,6,1088
2024,August,Railway Range,0,0,0,0,0,0,0,0,0,14,8,0,0,3,0,25
2024,September,DMP,5,14,28,8,12,110,22,3,33,75,500,11,0,176,11,1008
2024,September,CMP,2,6,9,6,0,36,3,4,11,27,214,1,0,59,2,380
2024,September,KMP,0,0,1,0,0,26,2,0,5,9,58,1,0,19,0,121
2024,September,RMP,0,1,5,1,0,18,1,1,3,7,67,0,11,12,0,127
2024,September,BMP,0,1,1,0,1,16,1,0,10,8,46,0,0,15,0,99
2024,September,SMP,0,2,1,7,0,10,1,1,7,5,78,2,14,11,13,152
2024,September,RPMP,0,0,0,0,0,7,4,0,0,4,52,1,0,7,0,75
2024,September,GMP,3,3,11,1,0,28,0,2,8,9,70,0,0,16,0,151
2024,September,Dhaka Range,17,22,73,21,0,253,6,6,45,82,1095,8,24,207,0,1859
2024,September,Mymensingh Range,2,4,16,8,0,126,1,0,8,33,443,5,1,67,29,743
2024,September,Chittagong Range,5,21,45,12,4,168,8,4,32,88,1060,67,8,418,20,1960
2024,September,Sylhet Range,6,4,12,12,0,64,3,1,9,44,435,2,1,76,46,715
2024,September,Khulna Range,2,6,19,15,1,117,8,0,17,65,740,13,17,183,15,1218
2024,September,Barishal Range,8,2,12,20,1,145,3,0,14,28,456,9,8,46,0,752
2024,September,Rajshahi Range,2,12,29,7,0,219,1,2,12,59,747,23,44,287,14,1458
2024,September,Rangpur Range,3,3,20,10,0,235,1,0,19,47,825,5,0,213,1,1382
2024,September,Railway Range,2,3,1,0,0,0,0,0,0,15,7,2,0,15,0,45
2024,October,DMP,6,20,20,23,2,125,26,6,47,97,490,15,0,358,13,1248
2024,October,CMP,1,10,6,8,0,35,5,5,10,24,176,1,0,75,0,356
2024,October,KMP,1,5,1,0,0,24,4,0,2,14,46,3,0,63,1,164
2024,October,RMP,0,4,3,0,0,7,0,0,5,5,56,0,5,65,0,150
2024,October,BMP,1,1,0,0,1,19,0,0,5,1,56,0,1,26,0,111
2024,October,SMP,1,0,2,5,0,8,1,0,4,8,56,0,11,24,20,140
2024,October,RPMP,0,1,1,0,0,7,3,0,0,8,48,0,0,21,0,89
2024,October,GMP,3,3,7,2,0,21,4,0,3,8,70,1,2,53,0,177
2024,October,Dhaka Range,21,27,62,6,0,225,17,8,49,93,1058,11,4,444,1,2026
2024,October,Mymensingh Range,2,5,17,8,0,112,6,1,5,53,385,1,0,123,60,778
2024,October,Chittagong Range,14,30,52,7,2,192,7,3,52,101,1060,43,26,606,30,2225
2024,October,Sylhet Range,5,4,18,8,0,74,2,5,5,49,340,1,2,145,74,732
2024,October,Khulna Range,1,14,23,7,0,157,8,3,22,76,663,21,4,312,5,1316
2024,October,Barishal Range,4,2,5,14,0,165,4,2,15,25,444,8,10,111,0,809
2024,October,Rajshahi Range,5,19,17,2,0,212,3,1,7,68,634,13,21,457,27,1486
2024,October,Rangpur Range,3,7,14,3,0,177,6,0,17,75,725,2,0,367,6,1402
2024,October,Railway Range,0,5,1,0,0,0,0,0,0,17,11,0,0,22,0,56
2024,November,DMP,2,27,13,15,10,115,17,6,39,125,516,6,0,421,12,1324
2024,November,CMP,2,10,2,7,0,25,5,12,16,36,138,8,1,112,2,376
2024,November,KMP,1,2,4,1,0,23,0,1,5,13,36,5,0,61,1,153
2024,November,RMP,0,2,0,1,0,22,2,0,4,8,52,0,3,64,0,158
2024,November,BMP,0,0,0,0,0,14,2,0,4,7,53,1,1,36,0,118
2024,November,SMP,1,1,8,0,4,2,2,6,13,62,0,9,21,20,50,199
2024,November,RPMP,0,1,0,0,7,2,0,0,8,43,0,0,17,1,18,97
2024,November,GMP,0,3,3,0,21,6,1,2,15,66,3,0,85,1,89,295
2024,November,Dhaka Range,16,23,56,8,0,217,9,4,44,86,1098,20,6,641,4,2232
2024,November,Mymensingh Range,1,3,11,6,0,115,5,1,6,37,387,7,2,163,39,783
2024,November,Chittagong Range,9,27,32,15,0,174,5,9,37,90,1074,40,10,718,31,2271
2024,November,Sylhet Range,2,6,16,4,0,75,0,4,7,42,422,3,0,123,46,750
2024,November,Khulna Range,3,10,22,8,0,134,3,5,17,77,634,31,2,416,16,1378
2024,November,Barishal Range,4,6,8,14,1,152,2,2,29,31,424,11,2,135,0,821
2024,November,Rajshahi Range,5,4,27,1,0,179,2,1,7,68,721,21,18,521,12,1587
2024,November,Rangpur Range,1,4,16,3,0,175,5,1,8,54,694,3,2,405,5,1376
2024,November,Railway Range,0,4,0,0,0,0,0,0,0,6,12,0,0,39,4,65
2024,December,DMP,9,39,24,19,9,131,17,8,60,131,584,9,9,529,7,1585
2024,December,CMP,2,6,4,8,0,25,3,1,11,26,124,3,0,121,4,338
2024,December,KMP,0,3,2,0,0,10,2,1,4,8,38,4,0,70,1,143
2024,December,RMP,0,3,1,0,0,12,2,1,4,6,55,1,2,90,0,177
2024,December,BMP,1,1,1,0,0,11,2,0,3,8,58,0,0,33,0,118
2024,December,SMP,1,3,2,7,0,11,2,2,2,7,63,0,2,32,15,149
2024,December,RPMP,1,2,0,0,0,3,2,0,0,10,36,0,0,24,0,78
2024,December,GMP,1,2,3,0,0,20,1,1,2,8,81,1,0,74,1,195
2024,December,Dhaka Range,23,22,45,9,0,187,8,9,42,93,967,17,6,636,4,2068
2024,December,Mymensingh Range,1,6,16,13,0,81,4,0,9,33,418,5,1,192,54,833
2024,December,Chittagong Range,16,26,32,10,0,159,13,9,39,102,1030,25,2,685,22,2170
2024,December,Sylhet Range,4,5,16,4,0,56,3,2,7,38,400,2,0,98,39,674
2024,December,Khulna Range,4,14,19,4,0,125,2,5,13,78,599,16,2,430,14,1325
2024,December,Barishal Range,3,5,4,13,0,96,2,1,21,36,431,5,1,124,0,742
2024,December,Rajshahi Range,4,11,23,3,0,132,4,3,5,74,693,13,12,520,11,1508
2024,December,Rangpur Range,1,7,12,0,0,146,7,1,15,59,750,4,1,453,9,1465
2024,December,Railway Range,0,4,0,0,0,0,0,0,0,12,12,0,0,26,0,54
2025,January,DMP,8,54,36,24,7,127,31,10,60,146,679,12,5,583,9,1791
2025,January,CMP,2,7,3,7,0,26,5,4,12,28,120,3,0,152,2,371
2025,January,KMP,2,1,2,3,0,19,2,0,0,14,47,4,0,83,1,178
2025,January,RMP,1,0,2,0,0,12,1,1,4,5,51,1,1,87,0,166
2025,January,BMP,0,0,3,0,1,14,0,1,10,8,49,0,1,45,0,132
2025,January,SMP,0,1,0,5,0,7,0,0,7,20,60,0,3,25,18,146
2025,January,RPMP,0,2,1,0,0,4,5,0,0,7,32,1,2,20,0,74
2025,January,GMP,2,9,5,2,0,25,2,1,7,10,116,6,0,72,0,257
2025,January,Dhaka Range,24,31,76,4,0,229,16,5,44,106,1092,15,8,725,3,2378
2025,January,Mymensingh Range,4,2,13,11,0,85,5,2,7,46,427,3,0,234,28,867
2025,January,Chittagong Range,8,27,51,11,0,191,16,5,50,92,970,45,4,703,26,2199
2025,January,Sylhet Range,5,6,21,2,0,56,3,3,5,39,392,1,0,151,27,711
2025,January,Khulna Range,4,10,28,5,0,153,3,0,17,79,637,15,1,390,7,1349
2025,January,Barishal Range,4,2,12,12,0,98,3,3,15,40,515,3,2,138,0,847
2025,January,Rajshahi Range,4,12,22,5,0,200,9,1,10,73,670,16,8,532,13,1575
2025,January,Rangpur Range,3,6,19,0,0,194,4,2,14,67,730,4,0,423,7,1473
2025,January,Railway Range,0,1,0,0,0,0,0,0,0,17,16,0,0,23,1,58
2025,February,DMP,6,46,38,18,9,142,18,7,36,117,638,8,1,474,8,1566
2025,February,CMP,1,10,3,5,0,23,5,4,11,22,114,4,0,101,1,304
2025,February,KMP,0,1,1,0,0,7,3,0,2,14,45,1,0,74,0,148
2025,February,RMP,1,5,4,0,1,6,2,0,2,7,53,2,2,91,0,176
2025,February,BMP,1,0,2,0,0,17,0,0,4,5,47,0,0,24,0,100
2025,February,SMP,0,3,3,1,0,5,0,0,2,6,58,1,4,37,25,145
2025,February,RPMP,0,2,0,0,0,10,0,0,0,8,26,1,0,17,0,64
2025,February,GMP,1,1,8,0,0,20,6,0,2,12,93,2,5,59,0,209
2025,February,Dhaka Range,25,25,66,8,0,229,10,7,37,111,1051,13,0,563,1,2146
2025,February,Mymensingh Range,1,4,19,10,0,94,3,1,6,35,372,2,0,207,38,792
2025,February,Chittagong Range,13,14,50,11,0,171,10,5,43,75,896,32,4,601,25,1950
2025,February,Sylhet Range,2,6,13,3,0,79,1,5,4,50,385,1,0,103,23,675
2025,February,Khulna Range,2,11,22,2,0,140,2,1,18,60,591,12,7,315,8,1191
2025,February,Barishal Range,6,4,16,18,0,120,5,2,14,25,435,0,0,125,0,770
2025,February,Rajshahi Range,11,11,30,5,0,196,5,4,8,47,602,15,12,418,6,1370
2025,February,Rangpur Range,4,6,23,2,0,171,8,1,4,69,644,7,2,408,8,1357
2025,February,Railway Range,0,4,2,0,0,0,0,0,0,10,8,0,0,15,0,39
